0,0,0
1,17.328839,0
2,0.5,0
3,0,1
4,0.25,2
5,48.407372,0
6,0.25,2
7,8823.729981,2
8,24.654788,1
9,16.311772,2
10,5.19458,1
11,0.75,0
12,0,2
13,0.3125,3
14,9609.003712,2
15,8.280557,2
16,2.187095,4
17,34.039315,2
18,706.404272,0
19,0,1
20,0,1
21,0,1
22,6.189811,0
23,3.996879,1
24,0,0
25,290.653077,1
26,0.5,2
27,18.371878,1
28,3.83756,3
29,0.25,1
30,2563455.317,1
31,0,3
32,2.043457,0
33,0,2
34,0,2
35,8.973999,2
36,0,0
37,1.5,1
38,0.816406,2
39,36.681243,0
40,5.691469,0
41,7067.098386,0
42,4126.477686,0
43,138.611398,5
44,1.015625,2
45,0.4375,2
46,2.430664,0
47,3.87065,1
48,43287.94636,1
49,4.526089,2
50,0,1
51,7.063921,2
52,0.878906,2
53,0,2
54,0,1
55,6.278516,1
56,10.403799,2
57,30.774727,1
58,26.070496,1
59,4907.903626,1
60,1.25,0
61,36.662906,0
62,0,1
63,0.25,1
64,89.728428,1
65,2.933594,0
66,0,0
67,0,0
68,15.375793,2
69,316.12595,0
70,0.25,1
71,0,1
72,0.375,0
73,0,0
74,8282.628005,2
75,0,0
76,0,0
77,5.281494,1
78,12.252609,0
79,12.819857,0
80,31.526892,6
81,0.5625,0
82,0,1
83,0,1
84,2047.968924,4
85,0,1
86,0,1
87,23.053732,2
88,0,0
89,119.114039,2
90,20.623022,1
91,1.371094,2
92,23.946235,2
93,4.410706,2
94,1.1875,1
95,2369.173274,1
96,0.25,1
97,0,3
98,0,0
99,4.038397,2
100,16.461702,0
101,3574.957191,1
102,4.745596,1
103,0,0
104,0,2
105,0,0
106,1.339985,1
107,27.59169,1
108,11.145357,1
109,12.68312,1
110,4.304476,0
111,492871.1262,1
112,0,1
113,0,0
114,4.250719,2
115,0.3125,1
116,4.193047,2
117,0,1
118,718.226491,1
119,0,0
120,9.787378,7
121,0,0
122,0,1
123,0,1
124,0,0
125,0.25,2
126,16.16038,1
127,0,2
128,25.66404,0
129,0,1
130,0.5,0
131,0.5,1
132,0,0
133,0,1
134,14.431675,1
135,11.850574,1
136,88.785815,0
137,26.236367,2
138,0.25,0
139,21944.82942,2
140,1031.867456,1
141,0,2
142,10.28582,3
143,0,0
144,0.375,2
145,0.8125,0
146,139.530595,1
147,9.305452,1
148,0,1
149,27.229534,1
150,0.25,1
151,45.334336,2
152,19.379522,2
153,60.874451,1
154,0,0
155,0,0
156,0,0
157,0,0
158,19.437519,1
159,0,0
160,0,0
161,15.539458,1
162,27.308395,1
163,0,0
164,33.601275,2
165,1000.088734,0
166,0.25,1
167,0,0
168,31.644623,0
169,0,2
170,0,0
171,22.718765,1
172,126.099346,1
173,44.3243,1
174,74823.32918,1
175,0,0
176,0.25,3
177,1.40625,1
178,0,0
179,3.467952,0
180,0,0
181,0,2
182,2.016418,1
183,0,1
184,0.5625,1
185,5.724102,1
186,2.108475,1
187,0,0
188,1.5625,0
189,0,1
190,260.402138,1
191,4.920898,2
192,0,2
193,120.838076,0
194,10.805252,1
195,4.343018,1
196,0,0
197,0,2
198,0,0
199,2.49707,0
200,3938.519311,0
201,0,0
202,0,2
203,0,0
204,33449.79889,2
205,0,1
206,0,7
207,0,1
208,0.25,0
209,0,1
210,0,0
211,0,3
212,0,2
213,2416.065206,1
214,7.633789,1
215,5.09372,1
216,0,1
217,0,0
218,3.359898,3
219,16.38866,0
220,0.875,2
221,1.389844,2
222,0.390625,2
223,0,2
224,1.28125,0
225,0,1
226,2.015625,0
227,0.8125,0
228,2347.080239,0
229,0.75,0
230,7.632456,1
231,6.289062,0
232,0,0
233,0.8125,1
234,0.75,1
235,0,1
236,7.76709,2
237,0,0
238,213.852476,1
239,1.3125,0
240,0,2
241,148489.6099,1
242,7.247341,3
243,4.065735,0
244,6.824899,1
245,0.503906,2
246,485.255699,1
247,0,0
248,0,5
249,1451.11142,0
250,87875.69834,1
251,0,0
252,0,0
253,0.25,0
254,722.014426,2
255,21.235756,0
256,9.095702,0
257,57.017842,1
258,401.575663,1
259,126.442868,1
260,3.139893,0
261,0,2
262,2.446289,0
263,9259.404608,2
264,8.725993,1
265,2.0625,2
266,139.070796,1
267,130286.6816,1
268,0,2
269,2028.382318,1
270,3.415201,0
271,9.840428,0
272,14.831833,1
273,1.753906,0
274,0.4375,2
275,3.294869,0
276,3.985352,0
277,0,0
278,29797.41172,1
279,0,2
280,0,0
281,0,2
282,0,1
283,0,3
284,0,0
285,725.703425,1
286,28.012592,1
287,0,2
288,0,1
289,39.601056,1
290,4.359017,0
291,0,1
292,3.209229,1
293,0.769531,1
294,1.208008,0
295,110309.7657,2
296,598.123854,2
297,0,1
298,199.469316,0
299,2.735046,3
300,3.999034,0
301,0,2
302,2391.500879,2
303,29.394902,0
304,7.867867,1
305,0,1
306,200.008851,2
307,0,1
308,0,0
309,2.414062,0
310,15.561993,0
311,114906.6887,1
312,14.305038,2
313,18.494534,1
314,2.265625,1
315,6.556832,0
316,0.978271,1
317,14.434187,0
318,0.25,0
319,2.008398,1
320,2.003906,0
321,0,1
322,0,2
323,202.902964,1
324,3.485352,0
325,30.585576,0
326,2.767705,2
327,0.75,2
328,0,1
329,4753.57745,2
330,3.038831,0
331,1.414062,2
332,0,1
333,0,1
334,10673.17954,0
335,35.579778,0
336,3.874787,2
337,2.471182,2
338,0,0
339,0.25,0
340,10042.75069,1
341,0.25,1
342,24.671493,0
343,0,0
344,1161.614682,1
345,89330.12739,1
346,23.759245,0
347,1.0625,1
348,21696.3261,0
349,19.652954,0
350,3.238281,0
351,5.451852,0
352,0,0
353,0,0
354,0,0
355,36271.80604,2
356,105688.4684,1
357,0.25,3
358,0,0
359,17207.3664,1
360,1.136719,0
361,0.649414,0
362,0.726562,0
363,0,0
364,104.964582,1
365,21.656145,0
366,1.018066,0
367,0,0
368,7.080124,1
369,4.939141,2
370,0,1
371,64917.3054,0
372,719.746341,1
373,0,0
374,1.306641,2
375,0.65625,0
376,38.315839,1
377,0,0
378,7.735235,4
379,751.659393,1
380,0.640625,1
381,0.5,2
382,1274.653819,0
383,2.835938,7
384,69505.88522,2
385,0,1
386,9.684123,1
387,14.987514,1
388,300.650502,0
389,0.25,1
390,86.42119,0
391,1.5625,1
392,0,2
393,243314.147,1
394,30.365352,1
395,0,1
396,21.910036,1
397,0,2
398,1.792307,2
399,0.25,0
400,0,1
401,0,1
402,2313.77759,0
403,3629.463395,3
404,10.915668,1
405,0.875,2
406,1.265625,0
407,0,2
408,4905.615478,1
409,1.828125,0
410,0,1
411,251611.4301,1
412,73.47905,1
413,9291.340659,1
414,11.939765,1
415,0.25,1
416,1166163.267,1
417,13.243519,1
418,19.717521,0
419,1.078125,1
420,0.875,4
421,0.25,2
422,4.740425,1
423,6.721606,1
424,0,0
425,0.359375,0
426,0,1
427,0.6875,0
428,4.524817,1
429,4.270883,0
430,31749.68512,1
431,0.25,1
432,0.25,0
433,0,0
434,8.127703,1
435,0,1
436,3051.804849,1
437,0.8125,0
438,0.25,0
439,0,0
440,12242.49413,1
441,0.880859,2
442,6.599647,0
443,3.515625,2
444,0.75,0
445,200853.6127,1
446,1.9375,1
447,3.576172,0
448,1.4375,0
449,9.138975,1
450,0.25,2
451,0,0
452,0,1
453,0.75,2
454,0,2
455,0.25,2
456,317.740139,0
457,0,1
458,721.07335,1
459,1.717518,1
460,102.378869,1
461,930.425342,0
462,0.25,2
463,2.597656,0
464,36.941949,3
465,52.069392,1
466,22118.29061,2
467,15972.78099,1
468,0,2
469,0,1
470,0,2
471,0,1
472,64.846213,1
473,0,2
474,0,2
475,451399.9657,1
476,258293.0368,1
477,0,0
478,0,2
479,0,2
480,4001.627185,2
481,7256.272429,1
482,0,2
483,7.335716,3
484,0,2
485,64.20396,0
486,0.5,1
487,28726.6861,1
488,0.25,0
489,0,1
490,0,0
491,21.469261,1
492,0,1
493,0.842518,1
494,5.22066,1
495,4442.804404,0
496,25.471941,0
497,41.754331,1
498,230.502445,0
499,4661.279862,1
500,0.25,0
501,0,0
502,411493.3427,1
503,1648.575035,1
504,1.89872,2
505,3019.696274,0
506,9162.044947,1
507,312.730391,2
508,0.25,0
509,68.315191,1
510,0,2
511,0,0
512,0,0
513,122268.8516,1
514,14.190155,1
515,615644.8945,1
516,0,0
517,43.995545,2
518,87.156757,0
519,20.425392,1
520,31.850358,2
521,26938.10424,1
522,129.786266,0
523,684.81072,1
524,1.125,0
525,0,0
526,0,1
527,255.814329,0
528,153.377404,0
529,4.000719,2
530,0,1
531,0,1
532,0,0
533,1.780198,2
534,76.165819,0
535,0.910156,1
536,0,0
537,469.56041,1
538,0,1
539,93.050065,1
540,760.40232,0
541,106883.5531,1
542,111585.9441,1
543,0,1
544,1.120071,2
545,0,0
546,0.4375,2
547,44.441324,1
548,35.003138,0
549,0,4
550,3.303711,2
551,46609.84936,1
552,3874.157297,2
553,27.989365,3
554,35.417308,1
555,0,0
556,326.106937,0
557,74.138677,2
558,0.827148,0
559,404220.2195,1
560,1453.190379,7
561,33.219511,2
562,0,2
563,0.25,1
564,1.46875,4
565,10.075433,0
566,98.084207,0
567,111462.9129,1
568,6.720929,1
569,8.11435,0
570,18985.46624,2
571,0.5,2
572,51.537912,1
573,1.621094,2
574,4.19751,0
575,22969.99214,1
576,0.25,2
577,324.545499,3
578,253.169467,1
579,6.49071,0
580,0.25,7
581,0,1
582,60.617365,1
583,1.566406,1
584,6.019252,4
585,0,0
586,0,3
587,20202.50164,1
588,5.642595,0
589,0,0
590,2247.927693,0
591,18315.56179,3
592,0.375,0
593,0,1
594,22.598996,2
595,185.32125,1
596,0,0
597,28.375863,1
598,0.5,1
599,0,0
600,0,0
601,0,1
602,13.686229,2
603,132.329341,0
604,0,1
605,0,1
606,44.771875,3
607,23178.72547,1
608,0.25,1
609,5747.558499,1
610,0,0
611,0,2
612,25536.3966,1
613,38.894468,1
614,26522.76596,2
615,0.75,2
616,80564.44823,1
617,0,0
618,0,2
619,3.03125,0
620,310.440449,0
621,0,0
622,907933.4392,1
623,187.847545,0
624,467906.3587,1
625,253.899846,0
626,186.124474,3
627,0,1
628,0.25,2
629,8.94065,3
630,0.25,1
631,314.470467,2
632,2663.105834,0
633,5.17731,1
634,268028.1335,1
635,2469.717157,0
636,2.015625,1
637,1.015625,2
638,0,1
639,672667.0665,1
640,10.46409,1
641,0,0
642,180.456732,3
643,0.828125,1
644,0,0
645,2025.07776,1
646,224294.9937,2
647,19.352406,1
648,0,0
649,0,1
650,81.460515,1
651,7.013766,0
652,180.884615,2
653,0,0
654,10.16106,3
655,2.332064,0
656,0.644531,3
657,15.524808,0
658,1215866.228,1
659,4.069283,0
660,4.067871,7
661,0,0
662,46.036299,0
663,262.047292,0
664,0,0
665,0.25,0
666,466.524728,3
667,0.25,2
668,0,1
669,20574.04412,1
670,0,0
671,1.40625,0
672,124003.8265,1
673,14.977936,0
674,10.66803,1
675,2.265625,0
676,5.760106,1
677,712930.0053,1
678,230649.5045,1
679,4.080332,2
680,0,0
681,13.026442,2
682,258.030543,0
683,32.463545,1
684,1.5625,1
685,8.467549,3
686,0,1
687,28467.61709,2
688,0,1
689,0.25,1
690,0,2
691,0,2
692,167833.0554,1
693,0.573997,2
694,0,1
695,2010513.543,1
696,0.625,2
697,2.502258,1
698,1082622.809,1
699,0,1
700,759.652902,1
701,3.902344,1
702,0,1
703,2.648438,2
704,168.313489,0
705,19.254809,0
706,391.337652,0
707,1088.235723,0
708,5.236366,1
709,0,0
710,0.25,1
711,0,1
712,14.654081,0
713,0.3125,2
714,0.5625,0
715,0,0
716,1.25,1
717,6.896058,1
718,0.496311,2
719,141.750588,3
720,227.641803,0
721,3.651447,0
722,24.062153,1
723,0,0
724,14.148752,1
725,16.184338,2
726,28.058772,2
727,0,0
728,1.125,1
729,63130.58303,1
730,9.441923,0
731,810.613947,1
732,0,1
733,0,0
734,0.25,0
735,22440.42698,0
736,0.5,1
737,4.8125,0
738,0,2
739,3.904086,1
740,161.465258,1
741,0.636719,3
742,0,0
743,3.186557,0
744,0,2
745,23.435013,1
746,145066.9599,1
747,0,2
748,0,0
749,0,1
750,0.375,3
751,7.557929,2
752,1.019531,1
753,2.226562,2
754,14.25018,1
755,0,0
756,79.607969,2
757,0.25,2
758,135725.2347,1
759,451.18071,2
760,1.137695,2
761,0,2
762,68.325063,0
763,0,0
764,1043.532385,0
765,0,0
766,0,1
767,0,8
768,5.689802,2
769,0.25,1
770,4.793457,0
771,0,1
772,3911.798835,1
773,451.392294,3
774,32192.8796,1
775,0,0
776,15.018421,0
777,21.888692,1
778,65.864323,0
779,0,0
780,0,2
781,5.566981,0
782,300554.3896,1
783,8554.966633,2
784,31816.55267,1
785,6.612327,1
786,1.706055,1
787,0.75,0
788,0.3125,0
789,37.494042,0
790,0.25,2
791,11.532419,2
792,0.703125,2
793,16.546965,1
794,0.75,0
795,37.542742,1
796,0,1
797,0,2
798,24.955099,1
799,0,0
800,2.314679,1
801,6.72633,1
802,2.1875,0
803,0,1
804,11.76043,1
805,64.207303,7
806,0,0
807,0,1
808,11.915377,0
809,1.8125,1
810,0.25,2
811,0,2
812,0.25,0
813,0,1
814,179.386043,2
815,0,1
816,0.675781,0
817,11.652634,1
818,48.959411,1
819,79958.8642,1
820,0.25,1
821,0,0
822,343.251492,0
823,0.25,0
824,0,1
825,0,0
826,5.784146,2
827,0.547006,0
828,2.515625,1
829,32.501221,1
830,9.812604,0
831,1.203125,0
832,0,0
833,546.762626,0
834,0,2
835,30.855928,1
836,0,0
837,2.610481,0
838,1.210417,1
839,53244.83528,0
840,0,1
841,2.351807,0
842,0,0
843,0,7
844,0.25,0
845,0,2
846,14024.45978,1
847,0,2
848,2.798492,2
849,0.25,0
850,0,2
851,0.25,1
852,18.646987,0
853,691.916584,0
854,0.75,2
855,0.75,1
856,1192.592304,1
857,13.037006,1
858,88886.7268,1
859,3.18153,2
860,0,0
861,207.597823,2
862,0,0
863,13.300339,1
864,8375.249003,1
865,19.882641,1
866,15.558149,0
867,0.765625,2
868,0,2
869,13.804815,1
870,0,2
871,1.28475,2
872,0,2
873,0.25,2
874,1.729138,2
875,9.961809,0
876,0,0
877,5903.533986,0
878,4141.371897,2
879,0.25,0
880,8.076674,0
881,0,2
882,399.562648,0
883,33.832658,0
884,0.25,2
885,7450.604807,2
886,0,0
887,0,0
888,0,2
889,6.115425,4
890,6899.117178,2
891,4.411458,1
892,0.25,1
893,2196.458889,1
894,54.103153,1
895,131.97588,2
896,0.25,0
897,0.5625,2
898,0.25,2
899,8.571565,1
900,0.25,0
901,0,2
902,16743.81304,1
903,0,1
904,9.068558,1
905,0,1
906,0.25,1
907,0,2
908,0,0
909,0.8125,2
910,5.939802,2
911,5.168437,0
912,0,1
913,499819.3355,1
914,0,0
915,0,0
916,0,1
917,307.272493,2
918,1870.260476,2
919,1.316406,0
920,1.28833,0
921,0,0
922,0.25,0
923,4.50944,3
924,0.25,2
925,119.69409,0
926,0,2
927,0,0
928,798.887904,1
929,30.546265,1
930,3146.216314,0
931,0,2
932,6.751484,2
933,0.25,2
934,0,1
935,0,0
936,0,1
937,38.231398,2
938,35492.87855,1
939,1.355469,1
940,0,1
941,839.202205,1
942,8.549963,0
943,2.605078,0
944,49106.38281,0
945,184096.4166,1
946,14.941782,0
947,0,1
948,13.018098,2
949,0,2
950,8.905513,0
951,13952.18866,0
952,0,1
953,0,1
954,0.25,1
955,0.25,1
956,188162.877,1
957,2.34436,0
958,13.427681,0
959,0,2
960,0,3
961,19307.44151,1
962,112677.1419,1
963,1050.821615,1
964,0,1
965,6.365813,1
966,43.246241,1
967,16.702391,2
968,0.3125,1
969,3.659424,1
970,0,1
971,1082.205557,1
972,180.414634,0
973,1.0625,1
974,6.312954,2
975,0,1
976,336432.7343,1
977,2.060417,1
978,0,2
979,0.5,1
980,0,0
981,1889.948774,2
982,0.25,0
983,0,1
984,70.232341,2
985,0,1
986,24.731307,2
987,114.906873,1
988,0,1
989,2.1875,1
990,27.297194,0
991,5.178416,1
992,0,0
993,0,1
994,1.914531,0
995,7582.355033,0
996,915609.4081,1
997,1145.987887,1
998,11.113624,1
999,1885.255051,0
1000,0,0
1001,3.048492,2
1002,91.552897,3
1003,0,2
1004,79858.33871,5
1005,0.25,0
1006,0,0
1007,0,0
1008,18.374878,1
1009,0.25,2
1010,0.25,1
1011,3.682617,2
1012,0.25,5
1013,0,1
1014,19.501949,1
1015,0,1
1016,153.566785,0
1017,1.828239,2
1018,1.738281,0
1019,0.25,1
1020,0.25,1
1021,5.772476,1
1022,0.3125,2
1023,22.318029,0
1024,0.25,1
1025,0,1
1026,0,1
1027,74.386762,0
1028,0.9375,2
1029,0.985245,2
1030,0.75,0
1031,0.25,9
1032,1.306641,0
1033,0.25,5
1034,0,0
1035,1.050781,1
1036,27318.35383,1
1037,0,1
1038,0,0
1039,0,0
1040,1.394531,1
1041,0.25,2
1042,15.989855,1
1043,14.233375,2
1044,0.25,0
1045,516.726432,0
1046,25.974655,0
1047,67876.0404,2
1048,1215.056663,1
1049,5.044792,1
1050,1.707031,1
1051,0.5625,1
1052,0,0
1053,1046.911384,2
1054,549350.6734,1
1055,1.335938,0
1056,0.75,2
1057,0,2
1058,0,0
1059,342.056131,1
1060,17.761021,1
1061,6.998902,1
1062,31.319213,0
1063,11.986995,1
1064,1451.424444,3
1065,0.5,0
1066,0,1
1067,89.249591,0
1068,130.948287,0
1069,156721.1662,1
1070,0,0
1071,0,1
1072,83.073889,0
1073,176.820738,1
1074,29019.67312,2
1075,7.083813,3
1076,0,1
1077,39.468373,2
1078,14.311547,0
1079,0.25,1
1080,18527.63364,1
1081,11.515221,0
1082,64.283115,2
1083,0,3
1084,0,0
1085,0,2
1086,84.193888,1
1087,7.173828,0
1088,0.625,1
1089,0,2
1090,545.737634,0
1091,1.322266,0
1092,62742.6281,1
1093,991.883415,1
1094,0,1
1095,11.374272,2
1096,620.460485,1
1097,726.020852,0
1098,8019.505684,1
1099,54936.41958,1
1100,1.032715,0
1101,37.089554,1
1102,46.838875,1
1103,5.20721,0
1104,0.25,1
1105,0,1
1106,0.765625,10
1107,2.265625,1
1108,3124.293086,2
1109,0,1
1110,0,0
1111,9.721159,1
1112,3.117188,0
1113,71197.70452,2
1114,0,2
1115,0,1
1116,28.464579,1
1117,0,2
1118,0.25,0
1119,9.098958,1
1120,45.940859,0
1121,0.75,1
1122,137963.293,1
1123,903.27182,0
1124,2.300354,0
1125,0.335938,1
1126,13.981324,2
1127,158.940725,2
1128,106.102729,1
1129,8846.579793,2
1130,5.719334,0
1131,0,0
1132,1.396484,2
1133,0.5625,0
1134,161.820502,1
1135,20.045247,1
1136,27.290168,1
1137,12636.98621,1
1138,193.782179,0
1139,89.478428,2
1140,0,2
1141,1455.779119,1
1142,372575.1632,1
1143,91.458274,0
1144,0,2
1145,0,0
1146,11.59227,3
1147,0.25,0
1148,0,1
1149,2.364502,0
1150,2157.555433,0
1151,0,1
1152,9.467905,1
1153,1181.387872,0
1154,143.91063,2
1155,15280.09239,0
1156,12923.58057,2
1157,196548.2758,1
1158,4524.432069,0
1159,7.694125,0
1160,0,1
1161,0,2
1162,0,2
1163,0,1
1164,14.053806,1
1165,8.482766,0
1166,10.730391,2
1167,18.633734,0
1168,65368.73008,1
1169,7583.142485,1
1170,93.611315,0
1171,116.880638,3
1172,583.010332,2
1173,179.291595,0
1174,55.760619,1
1175,16917.05528,1
1176,14.605632,0
1177,0,0
1178,0,1
1179,15.037875,1
1180,0,0
1181,14.439538,1
1182,7090.895291,1
1183,1.125,4
1184,3.550781,2
1185,120.319978,0
1186,0.25,2
1187,0,0
1188,0.25,1
1189,0,0
1190,1460.336019,7
1191,0.3125,2
1192,0.25,0
1193,0,1
1194,74756.53084,1
1195,1.734481,1
1196,78085.6347,1
1197,17.874432,0
1198,0,1
1199,93.047717,1
1200,124.669664,0
1201,123.393227,0
1202,2.4935,2
1203,0,2
1204,536.525837,2
1205,0.25,1
1206,1.15625,1
1207,0,0
1208,2.765625,0
1209,32.122249,2
1210,2.564117,0
1211,0,1
1212,0.25,1
1213,10.484344,1
1214,207860.5277,1
1215,52.649017,2
1216,0.25,2
1217,0,1
1218,1.265625,0
1219,0,1
1220,0.3125,2
1221,40.264654,1
1222,2.474609,0
1223,0.515625,3
1224,0,0
1225,0,0
1226,0,0
1227,3.257812,1
1228,4.916552,0
1229,5471.725432,1
1230,114.20453,1
1231,0,0
1232,71.273069,1
1233,0.5,2
1234,14.299133,1
1235,5.257601,0
1236,133.432793,2
1237,5380.936596,1
1238,0.90625,0
1239,117364.9988,1
1240,0,0
1241,0.25,2
1242,22419.70313,1
1243,0,2
1244,5.106934,1
1245,8190.95602,1
1246,18330.24804,1
1247,0,0
1248,1.575439,0
1249,6.250447,2
1250,14.015707,0
1251,1256.884766,2
1252,0.25,2
1253,11.70229,1
1254,5.040039,0
1255,9.7645,2
1256,147.738528,2
1257,0,2
1258,2.913086,1
1259,0,2
1260,0,1
1261,0.6875,2
1262,9.912533,1
1263,2482.475917,1
1264,23.238321,1
1265,0,0
1266,0.25,1
1267,0,2
1268,0,0
1269,0.8125,0
1270,84.229402,0
1271,132270.3128,1
1272,49.580632,0
1273,2202.417959,1
1274,0,1
1275,85.723203,0
1276,0,0
1277,0,7
1278,5.739418,1
1279,0,0
1280,73.184815,0
1281,0,0
1282,0,0
1283,0,1
1284,5.334786,2
1285,0.5,3
1286,0,1
1287,0,2
1288,0,2
1289,0,0
1290,22.015582,1
1291,0.5,1
1292,1.25,0
1293,587.013059,2
1294,0,0
1295,10.19397,2
1296,1.375,0
1297,3160.589338,1
1298,0.5,7
1299,0.5,1
1300,1871.756858,2
1301,0.25,0
1302,13.217545,2
1303,0.5,0
1304,107.793381,1
1305,1040.248657,2
1306,526.526078,0
1307,7408.643914,2
1308,2.72068,3
1309,4.873634,1
1310,24.07753,1
1311,0,1
1312,35.337199,3
1313,1.298262,2
1314,0.5,1
1315,0,3
1316,0,2
1317,10.292218,1
1318,0.25,2
1319,44.589293,1
1320,7.131968,0
1321,3266.352416,1
1322,0,0
1323,6.398438,1
1324,6.637695,1
1325,651830.7165,2
1326,0,2
1327,132243.4143,1
1328,486.547123,1
1329,0,0
1330,0,0
1331,115254.8013,1
1332,0,1
1333,57.650564,0
1334,9.420311,0
1335,3.18457,1
1336,0,2
1337,4.564242,0
1338,0.375,1
1339,24.01767,1
1340,0,1
1341,7.735596,1
1342,4976.323785,1
1343,0,0
1344,2.929476,0
1345,0,0
1346,67249.09003,1
1347,1.0625,0
1348,30.423522,1
1349,3089.968149,1
1350,0.25,1
1351,0,0
1352,0,1
1353,0,1
1354,79.413329,0
1355,1.5644,0
1356,2.183899,1
1357,0,1
1358,0,0
1359,17.880857,0
1360,452.863732,0
1361,91.082026,1
1362,5.344171,3
1363,406.296932,1
1364,0,2
1365,0,2
1366,2.512695,1
1367,16.138592,0
1368,0.375,1
1369,8.695563,0
1370,2.339722,2
1371,12.058137,1
1372,0.25,2
1373,47.683387,0
1374,4.192016,0
1375,7.963961,0
1376,2.046875,2
1377,72.868674,0
1378,0.25,2
1379,17.982386,1
1380,0,0
1381,0.25,0
1382,0,0
1383,1.375,1
1384,2388.830266,1
1385,801.096564,0
1386,0,1
1387,2.410156,0
1388,0.5,2
1389,0,0
1390,150427.6189,1
1391,0.3125,1
1392,1.40625,2
1393,3.228844,0
1394,4.690334,3
1395,5923.988596,1
1396,1.900353,2
1397,6.609375,1
1398,0,1
1399,13.840402,1
1400,0,2
1401,8374.56593,1
1402,0,2
1403,9.79662,0
1404,345.271058,2
1405,124.596275,1
1406,1.730502,0
1407,333.998067,1
1408,475365.9611,2
1409,0,3
1410,6.5,1
1411,72099.22069,1
1412,1.703125,0
1413,0,2
1414,5.728232,0
1415,0,2
1416,127590.5561,1
1417,1.468697,2
1418,0,2
1419,201.955455,1
1420,0,3
1421,0,3
1422,587.316226,1
1423,415.829319,0
1424,10.105469,0
1425,0,0
1426,110663.5967,2
1427,1,0
1428,546.258317,2
1429,12961.10414,2
1430,0,1
1431,12.489853,1
1432,0,2
1433,15.139054,0
1434,0,1
1435,687.657757,3
1436,0,0
1437,3.109811,1
1438,11.034875,0
1439,0,1
1440,0,2
1441,110288.7917,1
1442,3.660156,0
1443,1147.184161,5
1444,0.25,1
1445,0,0
1446,299.912979,2
1447,4.287151,2
1448,151.506903,1
1449,0.5,0
1450,0,0
1451,0,0
1452,0,2
1453,118798.8839,2
1454,0,0
1455,34.443367,1
1456,7.570209,3
1457,0,0
1458,0,1
1459,0,1
1460,5.214418,1
1461,2.940979,2
1462,3.790039,1
1463,0.660156,1
1464,0,2
1465,939211.1696,1
1466,297.78296,1
1467,0,0
1468,0,0
1469,0,3
1470,8.655598,2
1471,50.259325,2
1472,0,1
1473,0,3
1474,230.147515,3
1475,0,0
1476,1.21875,0
1477,1.691589,1
1478,0,0
1479,0.25,1
1480,0,2
1481,2.829781,0
1482,19.702846,1
1483,0,1
1484,0.5625,0
1485,0.25,0
1486,0,2
1487,0,1
1488,0.75,0
1489,420.178717,3
1490,13.002291,0
1491,0,1
1492,1.003906,1
1493,0,1
1494,41.296045,1
1495,7.472842,1
1496,12474.26626,2
1497,0,2
1498,6.269519,2
1499,0,1
1500,282.083801,1
1501,77.343191,1
1502,1.90625,0
1503,806900.7172,1
1504,139.670317,0
1505,18.051975,1
1506,0,1
1507,0.25,2
1508,16.259693,1
1509,50.78112,0
1510,10.086096,3
1511,4058.692071,2
1512,0,0
1513,0.25,1
1514,0.5625,1
1515,140.078064,1
1516,8779.280922,0
1517,3.480286,2
1518,3343.903404,1
1519,14.206194,0
1520,0,1
1521,0,1
1522,0.25,0
1523,0,1
1524,200.890804,0
1525,14364.14649,0
1526,18.218968,0
1527,32.452083,1
1528,506.72038,2
1529,0,1
1530,0,7
1531,226.581788,0
1532,0,2
1533,0,1
1534,1.609375,0
1535,278407.8325,1
1536,0.6875,2
1537,0.375,2
1538,15.083533,0
1539,26827.38594,1
1540,0.5,0
1541,0.25,2
1542,1.539062,0
1543,0.8125,0
1544,0.75,0
1545,0.25,0
1546,36.640492,1
1547,0,0
1548,6.698179,1
1549,36.269618,0
1550,2342.039797,1
1551,0.25,3
1552,10.251724,0
1553,3.45921,1
1554,12.327205,1
1555,631.372122,2
1556,4.000719,1
1557,0,0
1558,0,0
1559,0.25,0
1560,14.136786,1
1561,120850.1714,1
1562,0.25,7
1563,35.927138,0
1564,98.754793,0
1565,0,0
1566,5.829507,0
1567,0.25,0
1568,396.531668,1
1569,599.154942,0
1570,0.75,2
1571,0.25,0
1572,8.650307,2
1573,0,1
1574,0,1
1575,333.346289,1
1576,2.530273,2
1577,0,0
1578,0,3
1579,0,2
1580,1111.139911,2
1581,0,1
1582,1.417098,0
1583,715.873259,1
1584,12.628693,0
1585,212.870909,1
1586,0,2
1587,0,2
1588,0.25,0
1589,22440.73901,3
1590,1.421875,3
1591,0.598633,1
1592,17.131606,1
1593,0,0
1594,0.655273,2
1595,408531.2796,1
1596,28.984886,0
1597,0.25,0
1598,0,0
1599,37160.0846,1
1600,146.733978,2
1601,11.719398,2
1602,7541.474176,1
1603,0,2
1604,2.725342,2
1605,0.5,0
1606,2329.45066,0
1607,0,1
1608,1149.505376,1
1609,0.4375,1
1610,287335.6496,1
1611,974.048581,0
1612,374.561885,0
1613,0,1
1614,38.057942,0
1615,1.71875,0
1616,0.40625,2
1617,0.5625,1
1618,0.931335,2
1619,3.212839,0
1620,0,0
1621,421.79051,1
1622,64.638179,1
1623,0.5625,0
1624,1.4375,1
1625,2.137939,0
1626,5.344576,2
1627,1.853313,0
1628,38995.36412,1
1629,239.415735,1
1630,17.926422,1
1631,63.64082,0
1632,181.924586,1
1633,0,2
1634,0,2
1635,38.38804,3
1636,0,1
1637,161.201507,1
1638,0,2
1639,2.564117,0
1640,1662.753685,1
1641,5.937923,1
1642,377.627344,1
1643,0,1
1644,280890.3884,1
1645,13.499148,2
1646,2.410667,2
1647,2.375,1
1648,0,0
1649,35855.24103,5
1650,0,1
1651,0,1
1652,29.003114,3
1653,28448.57009,1
1654,11.335343,0
1655,0.3125,1
1656,354.624038,1
1657,35104.72337,1
1658,133509.8348,1
1659,240411.5145,1
1660,0,0
1661,0.25,1
1662,0,1
1663,69.674704,1
1664,4.713984,2
1665,0.25,1
1666,684.361013,0
1667,7.449788,1
1668,0,2
1669,0.625,1
1670,1268764.399,1
1671,65789.29925,1
1672,149.905903,1
1673,81555.60027,1
1674,57.679206,0
1675,12.489853,1
1676,2.015625,0
1677,0,0
1678,0.5,1
1679,0,1
1680,4.281147,2
1681,0,1
1682,23.876456,2
1683,0.375,1
1684,1.953125,2
1685,1.526733,1
1686,0,5
1687,0,2
1688,0,1
1689,15.660055,3
1690,3.548515,2
1691,40.090099,0
1692,5693.287218,2
1693,245.422285,0
1694,0,0
1695,228.611476,1
1696,2.441772,2
1697,1.378906,0
1698,2.484375,1
1699,0,2
1700,0,0
1701,0.796774,4
1702,162.765206,1
1703,3131.154418,0
1704,266659.8456,1
1705,0,0
1706,0,2
1707,261530.5514,1
1708,0.25,2
1709,5741.832155,1
1710,5459.109227,1
1711,0,1
1712,1.308594,0
1713,0.3125,3
1714,0,0
1715,0,0
1716,0,0
1717,36.583391,0
1718,70.720437,0
1719,3.837839,0
1720,293.188227,2
1721,3152.446266,1
1722,0,1
1723,125516.0548,2
1724,17.472111,1
1725,0.25,0
1726,0,0
1727,1.0625,1
1728,40028.49523,1
1729,102.151777,1
1730,13.324727,1
1731,52682.2714,2
1732,1005.36887,1
1733,92.119152,1
1734,0,1
1735,4.764944,1
1736,0,0
1737,68.858806,1
1738,208.461117,1
1739,1.599826,2
1740,0,1
1741,0,2
1742,0,1
1743,9186.9228,1
1744,289.828602,0
1745,9.014339,1
1746,1.828239,2
1747,0,1
1748,6.692383,1
1749,0.5,0
1750,0,1
1751,3.643647,4
1752,4.02759,2
1753,47.825362,2
1754,1.091667,1
1755,0,1
1756,237224.0242,2
1757,0,1
1758,136.81329,2
1759,31.114946,0
1760,701.537577,1
1761,356154.2495,1
1762,16.621838,2
1763,0.25,7
1764,10166.79295,1
1765,40.195424,1
1766,0.786133,2
1767,575.870863,2
1768,0,2
1769,82885.75691,1
1770,3.650391,0
1771,26.829789,1
1772,0.730502,0
1773,22.812398,2
1774,0,0
1775,4.875,1
1776,0.5,1
1777,1.203125,0
1778,0,1
1779,0.25,1
1780,0,5
1781,0.3125,0
1782,0.25,2
1783,2.153448,2
1784,0.480469,1
1785,17.133923,1
1786,0.25,2
1787,0,1
1788,63.55437,0
1789,0.25,1
1790,52.947738,1
1791,9.256283,1
1792,0,0
1793,0,1
1794,0,2
1795,218.11165,3
1796,15.789776,1
1797,23.917889,2
1798,90.681752,0
1799,4223.075714,2
1800,0,1
1801,14.242283,3
1802,0.25,1
1803,122.610992,0
1804,8.196214,1
1805,3.21582,0
1806,0,0
1807,0.852667,2
1808,0,0
1809,23.020506,1
1810,1.375,1
1811,0,0
1812,1.726562,0
1813,36.025131,1
1814,0,2
1815,2.609375,0
1816,2.02832,1
1817,55.528766,2
1818,0.25,0
1819,43.039903,0
1820,0,0
1821,9.893796,0
1822,0.625,1
1823,0,0
1824,557.706093,1
1825,8.222528,0
1826,8.998899,0
1827,295.555138,1
1828,3.513672,0
1829,0,0
1830,5.169229,0
1831,0,3
1832,40.19461,2
1833,0,0
1834,26.559909,1
1835,40.375961,1
1836,0,2
1837,1724.73527,0
1838,0.25,0
1839,198998.6635,1
1840,0,1
1841,0,4
1842,0.453125,1
1843,10.74857,0
1844,0,3
1845,12.691822,0
1846,71.26666,2
1847,119.935367,2
1848,0,1
1849,0.25,2
1850,0,2
1851,2.019531,1
1852,4.359941,1
1853,44159.5413,1
1854,3.06958,2
1855,0,1
1856,300.608502,2
1857,0.34375,2
1858,18584.53458,2
1859,18.375372,0
1860,0,1
1861,118.332737,0
1862,0.75,2
1863,13.128758,0
1864,0,0
1865,1.217773,2
1866,104.487097,1
1867,0,0
1868,153.696731,0
1869,0,4
1870,0.25,1
1871,0,0
1872,0,2
1873,1.625,1
1874,1980.374349,3
1875,0,0
1876,11612.83991,3
1877,0.25,2
1878,0,2
1879,0,0
1880,0,2
1881,0,1
1882,162491.6979,1
1883,1.8125,2
1884,421.46794,0
1885,0.25,0
1886,38.639968,1
1887,0.75,1
1888,167.223741,1
1889,1583.19473,0
1890,0.375,1
1891,0.25,0
1892,2723.067562,1
1893,0,3
1894,699.387837,2
1895,0,1
1896,609.936389,1
1897,0.25,2
1898,9.538516,1
1899,0.84375,1
1900,19.191207,2
1901,17.440938,0
1902,1869.060872,2
1903,15.002877,2
1904,4.985401,1
1905,107.322173,2
1906,47697.35254,1
1907,0,2
1908,0.3125,2
1909,553565.7248,1
1910,0.75,4
1911,18.122418,0
1912,115.503616,0
1913,81218.02415,1
1914,46.652284,2
1915,0,1
1916,0,0
1917,57597.87761,1
1918,2.265625,1
1919,2.5,1
1920,1485.248316,1
1921,94.984701,0
1922,174329.5542,1
1923,0,1
1924,129.005018,1
1925,5.64267,2
1926,0,1
1927,65119.75497,1
1928,0,2
1929,17.451242,0
1930,2077.85705,1
1931,4.460742,1
1932,0.328125,2
1933,0,0
1934,0,0
1935,2.990234,0
1936,164155.9687,1
1937,1.078125,0
1938,21640.49943,1
1939,39758.02756,1
1940,0,0
1941,34.452537,3
1942,0,2
1943,13055.04557,2
1944,23.162908,0
1945,0.3125,1
1946,0,2
1947,0.3125,1
1948,38.430297,1
1949,39.773285,2
1950,10280.95869,5
1951,15.522233,1
1952,0,2
1953,2.014648,0
1954,48291.84418,1
1955,6.579507,0
1956,0,1
1957,7449.542307,1
1958,31.438508,1
1959,11070.06122,1
1960,2.644963,4
1961,0,2
1962,1.078125,4
1963,7.251657,0
1964,0,2
1965,0,1
1966,829.397627,2
1967,4888.710354,2
1968,273177.6451,1
1969,0,1
1970,0,2
1971,0.75,1
1972,0,2
1973,1422.954158,0
1974,202.916765,1
1975,2178.163883,3
1976,20662.49362,1
1977,38.943733,2
1978,0.816406,2
1979,0,0
1980,4.595809,0
1981,0,0
1982,0.25,1
1983,0,0
1984,1479.750366,1
1985,4370.705993,2
1986,5.377302,2
1987,27.435456,1
1988,0.816406,2
1989,1.586043,3
1990,1.828125,1
1991,347.1686,2
1992,1.773438,1
1993,87.948236,1
1994,0,2
1995,0,0
1996,79.749768,0
1997,460.031951,2
1998,0,0
1999,4.402344,0
2000,0.25,0
2001,0,1
2002,26869.33658,2
2003,7.648076,0
2004,88.938186,1
2005,0,4
2006,196.837331,3
2007,11.631562,1
2008,2.422006,0
2009,101.247845,0
2010,0,1
2011,4.673968,3
2012,1.707539,2
2013,102.03597,0
2014,0,3
2015,0,1
2016,0,1
2017,0,1
2018,0,0
2019,0,0
2020,3828.803563,0
2021,2.996875,2
2022,0,1
2023,4058.363364,7
2024,3.690219,0
2025,1.393771,1
2026,0,1
2027,1.0625,1
2028,0.25,0
2029,0,1
2030,0,2
2031,1.640625,1
2032,0,0
2033,47.627262,1
2034,0.25,2
2035,0,1
2036,0,1
2037,0,0
2038,1.3125,1
2039,0.25,3
2040,0.5,0
2041,10.763106,2
2042,0,2
2043,0,0
2044,3.86377,0
2045,3.727098,1
2046,12.628203,2
2047,1.1875,2
2048,9548.829526,1
2049,0,1
2050,0,1
2051,0,0
2052,30.272971,2
2053,0.552604,1
2054,0,0
2055,0,2
2056,5.980836,1
2057,3.929476,0
2058,0,1
2059,596.358964,0
2060,0.25,1
2061,0.75,2
2062,17.275199,2
2063,15.710238,0
2064,0,0
2065,0,0
2066,1.328125,1
2067,2.457031,2
2068,0,3
2069,0.3125,5
2070,16.091233,3
2071,1198752.364,2
2072,19.146464,0
2073,167.901228,0
2074,0,1
2075,143101.6602,1
2076,246.970048,0
2077,35.445467,0
2078,0,0
2079,0.25,0
2080,0,0
2081,0.25,2
2082,102204.3215,2
2083,0,1
2084,32.090332,1
2085,5.196058,1
2086,0,0
2087,29.391475,1
2088,53.475472,0
2089,0,0
2090,0.6875,3
2091,0,0
2092,0,1
2093,0,1
2094,6.497781,1
2095,33309.90871,1
2096,0.75,2
2097,0,1
2098,0,1
2099,321072.4429,1
2100,1557.145021,0
2101,0,1
2102,10.996909,0
2103,122.594597,2
2104,24214.5479,2
2105,0.852667,2
2106,0.816406,2
2107,37.451537,2
2108,0.25,2
2109,0,1
2110,9.27192,1
2111,1.864258,0
2112,1.513808,1
2113,23.155012,1
2114,1050743.544,1
2115,0,1
2116,0,1
2117,3554.33467,1
2118,15.342643,0
2119,0,1
2120,19763.06148,1
2121,1249.934948,2
2122,0,2
2123,16.483908,1
2124,0,1
2125,12.325554,2
2126,321.716017,1
2127,13936.11669,1
2128,0.852667,2
2129,0.25,1
2130,35814.26468,1
2131,3.656905,1
2132,0,1
2133,2.468041,1
2134,4.874219,2
2135,276.680955,2
2136,1103868.232,1
2137,10.611356,1
2138,21525.04932,1
2139,0.25,11
2140,0,2
2141,0,1
2142,1.217663,1
2143,0,2
2144,0.75,0
2145,0,1
2146,126.858738,2
2147,2.558809,4
2148,23260.47849,1
2149,0.25,2
2150,1.660667,2
2151,129199.6102,1
2152,0,1
2153,0,1
2154,27.458885,1
2155,0,3
2156,3265.845457,1
2157,0.875,1
2158,0.25,0
2159,17.268666,0
2160,0.5,1
2161,0,0
2162,0.75,1
2163,0.25,7
2164,0,2
2165,16956.13039,1
2166,0,1
2167,6.24838,1
2168,26.976204,0
2169,0,1
2170,0,1
2171,0,0
2172,0.5,1
2173,0,1
2174,0,1
2175,0.25,2
2176,1.550781,1
2177,18.059776,1
2178,1.251953,1
2179,0,0
2180,10.720412,1
2181,0,2
2182,23.746505,2
2183,0,0
2184,0.8125,1
2185,3.191406,1
2186,0,1
2187,0,2
2188,2.490234,1
2189,0.800781,2
2190,1.3125,4
2191,35.731009,0
2192,4.712594,1
2193,2.109375,1
2194,3463444.477,1
2195,0.78125,4
2196,2.420166,1
2197,0.8125,2
2198,10.894971,0
2199,0,1
2200,5.655052,2
2201,9.427755,1
2202,0,2
2203,0,0
2204,1685.540371,1
2205,1.5,0
2206,22.252181,3
2207,1.1875,2
2208,245125.6716,1
2209,126.133319,1
2210,10.915668,1
2211,3733.263172,2
2212,4.113281,0
2213,10.182083,2
2214,1.295987,2
2215,675.820789,0
2216,1.125,0
2217,38.060117,0
2218,0,2
2219,292.607085,2
2220,0.25,2
2221,180.337499,0
2222,0.375,1
2223,0,0
2224,2.370071,1
2225,411.292261,1
2226,1.468555,2
2227,0,0
2228,28.922124,1
2229,0,0
2230,1.341125,0
2231,440.50394,1
2232,0,1
2233,41700.03812,3
2234,0,0
2235,6.555334,4
2236,2077.133975,1
2237,2022.529059,2
2238,0,1
2239,0.25,1
2240,5.806603,2
2241,17422.05949,1
2242,10.742093,1
2243,0.25,1
2244,2.742188,1
2245,5.253057,1
2246,1.921875,0
2247,0,2
2248,29.760926,0
2249,0.25,2
2250,4.662566,0
2251,45.610536,1
2252,4.795726,0
2253,0.375,0
2254,3.524658,2
2255,21.450655,0
2256,1.045382,2
2257,7.213475,0
2258,188.571414,0
2259,0.25,0
2260,56.000721,1
2261,0.8479,0
2262,0.25,2
2263,1289.42849,1
2264,0.25,2
2265,23.617699,0
2266,1.053955,0
2267,47.097419,0
2268,130478.9635,1
2269,0,0
2270,1.460938,1
2271,392.29877,2
2272,0.5,1
2273,0.5,0
2274,18.768015,0
2275,102873.8574,1
2276,0,0
2277,5.531448,1
2278,1141.481223,1
2279,720.828813,3
2280,0.25,2
2281,0,3
2282,317772.004,1
2283,0,10
2284,10.28833,2
2285,5.763143,0
2286,37.987501,3
2287,1,0
2288,1881.7375,0
2289,34.057766,1
2290,0,1
2291,3.128906,0
2292,6.262756,0
2293,6.59488,2
2294,2887.078502,2
2295,10012.25638,1
2296,0,0
2297,452.305184,1
2298,0,0
2299,0.25,0
2300,2.210254,0
2301,5613.984608,1
2302,10.122859,1
2303,0,1
2304,0,1
2305,0.3125,0
2306,16.823828,0
2307,15.466026,0
2308,3.794192,0
2309,37926.68868,1
2310,331.587743,0
2311,0.3125,0
2312,604794.1584,1
2313,38898.59991,1
2314,0,1
2315,2468.992589,2
2316,0.796875,0
2317,0,0
2318,373.86125,7
2319,0,1
2320,30.274369,2
2321,6413.220682,0
2322,4.035156,2
2323,0,2
2324,0.25,1
2325,0.375,1
2326,27.611906,0
2327,7.725586,0
2328,0,5
2329,0,0
2330,6.52832,2
2331,2.344173,1
2332,58.419526,1
2333,0,0
2334,2.191772,2
2335,1.592773,2
2336,96.142833,1
2337,5.10938,1
2338,67850.93053,1
2339,0.375,1
2340,8.813538,1
2341,0,1
2342,4665.010382,0
2343,0,2
2344,0,2
2345,2.703151,0
2346,14657.08355,1
2347,9.246251,0
2348,218.906786,0
2349,217345.5831,1
2350,0,1
2351,3.37506,2
2352,0.25,0
2353,43320.27291,1
2354,1784479.86,1
2355,7.137399,1
2356,0,1
2357,266.146678,1
2358,34.838195,0
2359,0.53125,7
2360,2.921875,2
2361,0.8125,0
2362,0.25,1
2363,0.25,0
2364,7.57426,0
2365,21.040426,1
2366,0,0
2367,0.5625,2
2368,0,1
2369,12.645158,0
2370,421.63418,0
2371,0,1
2372,46.154892,1
2373,36.225654,0
2374,0,2
2375,18.890503,1
2376,0,7
2377,10290.9206,2
2378,80267.6596,1
2379,1.319183,1
2380,0,0
2381,1.62915,0
2382,0,2
2383,6.777588,0
2384,0,0
2385,3.15802,0
2386,13.034453,1
2387,12.658984,1
2388,0.25,0
2389,302.308674,1
2390,6.489258,0
2391,352.638035,0
2392,0.25,2
2393,16280.07009,1
2394,32.713379,0
2395,0.625,1
2396,9.404422,1
2397,1058.938377,2
2398,39250.26545,3
2399,0,0
2400,21.854364,1
2401,10635.60523,1
2402,0,1
2403,0,1
2404,1.84375,0
2405,11280.73742,1
2406,0,0
2407,0.375,0
2408,0,0
2409,0,0
2410,0.4375,1
2411,28096.61003,1
2412,9779.025822,2
2413,11.735764,2
2414,155.04501,1
2415,0,0
2416,0.25,1
2417,0.646484,2
2418,0,2
2419,426690.9373,1
2420,11.897214,2
2421,0.3125,2
2422,2.537505,1
2423,22430.50461,1
2424,33402.22958,1
2425,379.989532,0
2426,3.730972,1
2427,3.662109,1
2428,1.25,0
2429,6.538145,1
2430,19661.02882,1
2431,2.4375,2
2432,0,0
2433,6.463475,0
2434,0.25,0
2435,0,1
2436,0,0
2437,15.567234,3
2438,158.569231,0
2439,0,0
2440,0.3125,2
2441,18.54287,1
2442,47.396177,1
2443,3237.995916,2
2444,69375.68489,1
2445,3.335938,0
2446,0,2
2447,11.923959,0
2448,0.816406,2
2449,98.540036,0
2450,0.25,2
2451,9.138807,1
2452,4.727671,1
2453,4.085787,2
2454,152.161848,1
2455,101824.2258,1
2456,2.881353,1
2457,0,2
2458,0,1
2459,12.489853,1
2460,14.658699,1
2461,108.782331,0
2462,26.4568,1
2463,5.852299,1
2464,1.1875,0
2465,0.671875,2
2466,0.25,1
2467,0,1
2468,2.033038,1
2469,10.373347,2
2470,21.310849,1
2471,4.457031,0
2472,0,1
2473,0.749573,0
2474,365307.644,1
2475,2.649344,4
2476,0,1
2477,2068986.398,1
2478,0.5,0
2479,96.857361,0
2480,90424.10331,2
2481,77.284296,0
2482,0,0
2483,8447.087896,1
2484,0,1
2485,0,0
2486,0.8125,7
2487,9.232754,2
2488,0,1
2489,9.359695,1
2490,0,2
2491,5687.515045,0
2492,0,2
2493,669.652516,1
2494,15756.67868,0
2495,408821.1506,2
2496,0,0
2497,0,0
2498,3.510373,0
2499,0.75,1
2500,0.25,1
2501,0.25,1
2502,0,1
2503,0,1
2504,77.807726,0
2505,3.401447,0
2506,0,0
2507,0.8125,1
2508,43.323374,1
2509,0,2
2510,3.972229,1
2511,35.249965,0
2512,38.761204,2
2513,0,2
2514,7.523256,3
2515,5277.010679,2
2516,3.710099,1
2517,0,1
2518,0,0
2519,3.746535,1
2520,356119.2118,1
2521,143237.7766,0
2522,0.570312,0
2523,389.535435,0
2524,0,0
2525,0.25,7
2526,7.473404,2
2527,9.563228,1
2528,0.3125,1
2529,0,2
2530,0.25,0
2531,0,0
2532,6.292758,0
2533,60.698149,1
2534,18.567735,0
2535,1.188025,0
2536,0,1
2537,0,1
2538,0,2
2539,130.579835,0
2540,0.5,1
2541,0,1
2542,2.878632,1
2543,1.46582,0
2544,61.903876,0
2545,346.330488,1
2546,0.75,2
2547,20.865047,0
2548,0,1
2549,5.843157,1
2550,188065.6046,2
2551,21.037121,0
2552,29765.26422,1
2553,0.25,7
2554,0.25,1
2555,5.660983,2
2556,42.255855,1
2557,0,3
2558,573.957045,2
2559,198.211449,2
2560,0,0
2561,1.045898,2
2562,13.280386,1
2563,5.178416,1
2564,0.25,0
2565,0,2
2566,0,0
2567,181.00024,0
2568,0.453125,2
2569,1.575439,0
2570,0,1
2571,35.083024,2
2572,63.343222,1
2573,0.25,0
2574,346.880019,1
2575,0,0
2576,2.25,2
2577,0,1
2578,0,10
2579,1.632862,1
2580,6.526086,0
2581,7.152588,1
2582,6650.056336,1
2583,95.070737,1
2584,2.182617,2
2585,0,0
2586,233888.9184,1
2587,80.678902,1
2588,0,1
2589,0,1
2590,3.148438,1
2591,30.191197,0
2592,1.406197,2
2593,0.453125,1
2594,2.387939,1
2595,0,1
2596,0.8125,2
2597,5.301758,1
2598,0,0
2599,18.979126,0
2600,26.44152,1
2601,0.25,0
2602,88843.1593,1
2603,86.518833,1
2604,0.25,1
2605,0,1
2606,0,2
2607,0,2
2608,3.496749,1
2609,550.229366,0
2610,150.867755,1
2611,2.430232,1
2612,64.167417,0
2613,29559.67973,2
2614,1518.962244,0
2615,1.995209,1
2616,1135.638783,2
2617,0.25,0
2618,381920.9398,1
2619,0,0
2620,0.5625,1
2621,0.25,0
2622,0,0
2623,0,3
2624,5.048577,1
2625,0,8
2626,0,1
2627,6.658124,0
2628,2380.097655,1
2629,1.496338,0
2630,2.226576,0
2631,0,1
2632,3.704964,0
2633,1.3125,1
2634,0,1
2635,0.25,1
2636,32.274544,0
2637,0.5,1
2638,0.75,3
2639,0,2
2640,0,0
2641,0,1
2642,4.944039,0
2643,5.675308,1
2644,974.18692,0
2645,0,2
2646,2.701188,0
2647,1.0625,2
2648,0.25,0
2649,9.707529,1
2650,0,1
2651,63683.15258,1
2652,0,2
2653,148.494037,2
2654,25.492894,2
2655,13.62883,0
2656,0,0
2657,0.25,1
2658,0,1
2659,0.25,1
2660,0.25,7
2661,154095.8263,1
2662,3.570097,1
2663,0,0
2664,139.997112,0
2665,3.015625,1
2666,0.25,0
2667,0,0
2668,0,1
2669,3.270176,2
2670,1.375,7
2671,12.957983,0
2672,3.659424,1
2673,0,2
2674,0,2
2675,20.32645,1
2676,316.884808,1
2677,0.390625,0
2678,0,1
2679,91807.52927,1
2680,1.058073,1
2681,87197.55402,2
2682,52.78694,1
2683,17.855936,2
2684,0,1
2685,0,0
2686,32.990361,1
2687,547.32157,0
2688,0,1
2689,53.049309,1
2690,921.246423,2
2691,0,1
2692,0,1
2693,0,11
2694,0,4
2695,6.269382,2
2696,8.434884,1
2697,0.5,1
2698,7.930198,2
2699,0,0
2700,0.25,0
2701,850.159741,2
2702,0.25,1
2703,7.496222,0
2704,10.813105,0
2705,0,0
2706,4.484375,1
2707,2.0625,1
2708,2970.656438,1
2709,2103948.341,1
2710,21.940263,2
2711,0.25,2
2712,0,7
2713,0,0
2714,1488.765819,0
2715,3129.103812,0
2716,160192.7531,2
2717,0,4
2718,0,0
2719,0,2
2720,0.25,2
2721,0,1
2722,2138.725702,0
2723,0,0
2724,14.639265,0
2725,38.186481,0
2726,98.084207,0
2727,1.0625,2
2728,0,0
2729,0.515625,7
2730,10.718432,2
2731,379.989532,0
2732,0,1
2733,62.95942,1
2734,0,1
2735,0,1
2736,7.912343,1
2737,0,2
2738,291.25289,2
2739,5.731445,0
2740,404.844486,2
2741,33.510769,1
2742,239959.9927,1
2743,20.447787,1
2744,0,1
2745,99955.00773,1
2746,0,2
2747,74.217676,1
2748,12199.68035,1
2749,1.19751,2
2750,82.509734,3
2751,0.597656,2
2752,5.793762,2
2753,0,1
2754,0,2
2755,52.522343,0
2756,0.3125,1
2757,0,0
2758,70.096181,0
2759,86558.69327,1
2760,0.25,1
2761,0.25,2
2762,3.761057,1
2763,2.229138,0
2764,0.861572,0
2765,9630.047308,2
2766,337.131086,0
2767,0,2
2768,91.7013,0
2769,5833.483604,0
2770,3933.569028,0
2771,126998.7253,1
2772,1.0625,0
2773,0,0
2774,58.28059,0
2775,0.25,0
2776,106.934938,0
2777,48741.526,1
2778,22.31399,0
2779,251.311377,0
2780,0,1
2781,0,1
2782,216.782991,0
2783,0.25,1
2784,4319.894693,0
2785,204.044942,0
2786,0,1
2787,245355.6587,2
2788,0.4375,2
2789,77.038399,0
2790,10779.95422,2
2791,8487.770832,1
2792,0.25,2
2793,14702.02364,1
2794,26582.44987,3
2795,0.25,2
2796,0,1
2797,6621.777946,0
2798,0,0
2799,2347.075938,2
2800,0,2
2801,348.789463,0
2802,0,0
2803,0,1
2804,0,0
2805,0,1
2806,0.878906,2
2807,5.157272,2
2808,0.25,0
2809,0,0
2810,0.25,1
2811,0.25,1
2812,10.031494,0
2813,0,0
2814,0,0
2815,1.0625,0
2816,0,1
2817,0,1
2818,1.620071,1
2819,0,0
2820,39659.57614,1
2821,1013.438014,2
2822,4.04958,1
2823,0,0
2824,0.25,0
2825,0,2
2826,0,0
2827,0,1
2828,1.526733,1
2829,3.007812,1
2830,35.995828,1
2831,2.421875,2
2832,0,2
2833,0,1
2834,0.25,0
2835,0,2
2836,6.419922,7
2837,197.47251,2
2838,1.441406,0
2839,0.25,0
2840,790.395831,1
2841,14.752873,1
2842,1.508789,2
2843,1.271447,2
2844,0.5,2
2845,3675.902209,0
2846,0.25,2
2847,4.192016,1
2848,30.272495,1
2849,35.801771,0
2850,0,0
2851,0.25,1
2852,0.625,1
2853,13.20573,0
2854,15.39636,1
2855,0,5
2856,0,0
2857,0,0
2858,228.299449,0
2859,82.113413,3
2860,0,0
2861,1.625131,3
2862,5.963178,0
2863,0.25,1
2864,0,1
2865,0,0
2866,222.477094,0
2867,41.96541,0
2868,0,0
2869,0,0
2870,5128.472673,3
2871,0,2
2872,0,2
2873,0,0
2874,0,3
2875,3404.936735,0
2876,0,1
2877,5.721385,1
2878,3.9375,0
2879,27595.77771,2
2880,6686.774881,3
2881,0,0
2882,0,1
2883,89696.15118,1
2884,40.113757,1
2885,0.5,2
2886,1.352676,2
2887,84.686854,0
2888,1598.287826,0
2889,90255.77666,1
2890,15.386153,0
2891,0.25,0
2892,0,1
2893,5.84375,3
2894,10.16106,3
2895,256038.4058,1
2896,0,1
2897,5.43457,0
2898,1.078125,0
2899,0.816406,1
2900,0,0
2901,4.523438,0
2902,0.390625,0
2903,0,0
2904,47.09377,0
2905,3.130859,0
2906,1.467663,1
2907,0,1
2908,46.19481,3
2909,14.854849,0
2910,446.262525,1
2911,6.951865,0
2912,28.679775,1
2913,5128.722673,3
2914,0,3
2915,0,0
2916,5257.072459,0
2917,0.25,0
2918,34.483292,0
2919,356.914513,2
2920,32989.72217,2
2921,0.347656,0
2922,0,1
2923,0,0
2924,0,0
2925,6.832031,0
2926,43.166074,0
2927,0,1
2928,0.25,0
2929,0.5625,0
2930,0,1
2931,127.364506,0
2932,0.873375,2
2933,5.517578,0
2934,0,0
2935,598628.4067,1
2936,0,0
2937,3.339159,0
2938,115777.186,1
2939,3468.529444,0
2940,1,0
2941,896.311635,0
2942,0.25,0
2943,6373.634099,1
2944,0,3
2945,0.25,2
2946,609.994368,1
2947,0,0
2948,35.984368,0
2949,16.022654,0
2950,0,1
2951,14.509689,1
2952,0.75,2
2953,8.564444,2
2954,17.917563,0
2955,87960.3711,0
2956,13982.81767,2
2957,0,0
2958,25.676115,0
2959,2.485163,3
2960,18197.92947,0
2961,575.789677,2
2962,18.885271,0
2963,120.667613,0
2964,4911.381964,0
2965,593.516957,0
2966,197805.8353,2
2967,32.997851,1
2968,1.998291,0
2969,3.580086,0
2970,4.989258,1
2971,289375.0746,1
2972,28944.31106,1
2973,0,1
2974,2.210093,0
2975,0.5,0
2976,55.974663,0
2977,0.25,0
2978,21520.62249,1
2979,0,0
2980,0.25,2
2981,11.639843,0
2982,9.635686,1
2983,3.907906,0
2984,29.890114,0
2985,241.659134,0
2986,212.23359,0
2987,111.119928,0
2988,0.25,1
2989,140.527108,2
2990,2.433809,4
2991,2324.331228,1
2992,31.774149,0
2993,3.381877,2
2994,21.876744,0
2995,0,1
2996,0,0
2997,0.25,3
2998,2145.117604,2
2999,0.3125,2
3000,0,1
3001,0.453125,0
3002,21.161554,2
3003,0.25,0
3004,0,0
3005,0,1
3006,378.209751,1
3007,0.8125,1
3008,13324.87343,2
3009,0.25,0
3010,159917.9543,1
3011,9.429854,0
3012,9387.341273,0
3013,7467.038892,2
3014,0.25,1
3015,0,0
3016,3.105862,1
3017,0,0
3018,0,0
3019,109.026366,0
3020,10.440058,0
3021,6.523254,1
3022,0,2
3023,0,0
3024,0,1
3025,2.880814,3
3026,0.5,4
3027,8501.303446,0
3028,156.042098,1
3029,27.386143,0
3030,15.083141,0
3031,749.917183,0
3032,0,0
3033,1240.764695,0
3034,156.599084,0
3035,0,0
3036,97.577028,0
3037,0,1
3038,1164.020749,2
3039,0,0
3040,2541.926247,1
3041,8.199463,1
3042,1530.955981,1
3043,1228.092871,2
3044,1227.223295,1
3045,5.50928,1
3046,0.25,2
3047,0.25,1
3048,0,2
3049,3520.155926,2
3050,4.566912,0
3051,0.75,1
3052,1.640625,0
3053,3335.41613,0
3054,294.644852,0
3055,22764.10624,2
3056,10.052889,3
3057,3.4375,1
3058,1744.671493,0
3059,80.936671,2
3060,7974.302014,1
3061,22.784075,0
3062,0,2
3063,0,0
3064,0,2
3065,0.3125,2
3066,4.831801,1
3067,0.25,0
3068,29.937766,0
3069,29.049503,1
3070,12.489853,1
3071,25.690077,1
3072,2.8125,1
3073,0.5,7
3074,0,0
3075,32365.50102,2
3076,1,2
3077,0.25,0
3078,2768.251776,1
3079,0,4
3080,1,0
3081,0,1
3082,10.848757,0
3083,0,1
3084,51.023504,1
3085,0,0
3086,0,1
3087,0,2
3088,1.120071,1
3089,27036.76265,1
3090,2.753906,2
3091,11.076233,1
3092,156.740248,1
3093,1,0
3094,0,1
3095,0.25,2
3096,7.228188,2
3097,0,2
3098,1.0625,1
3099,10.32922,2
3100,0,2
3101,5.578607,0
3102,119.637455,0
3103,2,0
3104,1.078125,0
3105,73.332203,0
3106,0,2
3107,2.218041,1
3108,520.597577,0
3109,4.382812,0
3110,18.578075,1
3111,0,2
3112,16.709238,1
3113,2.478328,1
3114,41.690275,1
3115,49214.32453,1
3116,3.859375,1
3117,0,1
3118,3.003515,0
3119,3.348877,0
3120,388660.3417,1
3121,137255.2956,1
3122,0.375,0
3123,0.25,1
3124,0,2
3125,271.529999,1
3126,0,0
3127,10995.02767,0
3128,5.120791,2
3129,0,1
3130,3494478.663,1
3131,0,2
3132,104.317915,2
3133,0,0
3134,0,0
3135,0,0
3136,0,1
3137,16.016909,2
3138,2130.008275,0
3139,0,0
3140,171382.6398,1
3141,0,0
3142,0.5,0
3143,449178.9412,1
3144,0,2
3145,0.25,3
3146,0.25,2
3147,0,2
3148,0,0
3149,38.079885,0
3150,9255.802997,1
3151,0,1
3152,35294.31099,2
3153,804.588,1
3154,5199.356013,1
3155,0,0
3156,7.583476,0
3157,36.311996,1
3158,0,0
3159,22.136585,2
3160,0.75,0
3161,12.1812,0
3162,0,1
3163,7.730469,2
3164,0,1
3165,0.25,1
3166,0,2
3167,0,0
3168,0.25,2
3169,0,0
3170,9444.397478,2
3171,0.3125,2
3172,1613674.806,1
3173,0,0
3174,0.466667,1
3175,1.777344,1
3176,0,2
3177,30594.17327,2
3178,0,0
3179,22752.14489,2
3180,0.25,2
3181,35.47171,0
3182,3.953018,0
3183,0,1
3184,94.567441,1
3185,0.5,2
3186,0,0
3187,2720.922898,2
3188,0,0
3189,0,0
3190,0,1
3191,21228.8043,2
3192,3513.480379,2
3193,0.25,2
3194,0.328125,2
3195,0,2
3196,0,0
3197,0,1
3198,121.088379,0
3199,0,0
3200,0,0
3201,4.1875,0
3202,15.558711,0
3203,60013.33071,1
3204,0,1
3205,0,0
3206,13873.14484,0
3207,0,1
3208,89.478428,3
3209,0.25,2
3210,0,1
3211,5.122934,0
3212,849.925388,0
3213,43.364581,0
3214,4.431087,0
3215,14.675581,2
3216,13.702605,2
3217,0,2
3218,0,1
3219,6.350744,0
3220,12.088295,2
3221,0,0
3222,0,0
3223,2639.645022,1
3224,0,0
3225,31203.44345,2
3226,0.816406,1
3227,10.912287,0
3228,30.595024,1
3229,0,0
3230,2.875,0
3231,0,1
3232,172.367968,0
3233,5.15625,0
3234,474.003844,1
3235,27.722465,2
3236,1011.679755,1
3237,0,11
3238,0.25,2
3239,2512.927534,3
3240,72.828484,0
3241,0.25,0
3242,149.692936,0
3243,33496.02552,1
3244,17433.11499,0
3245,0.5,0
3246,5.429411,0
3247,0,2
3248,2034.750251,0
3249,0,0
3250,0,3
3251,1831.185741,1
3252,0,7
3253,15.460102,1
3254,0,0
3255,278.383539,1
3256,0.25,2
3257,0,0
3258,41.613403,1
3259,23.587223,0
3260,0.921875,1
3261,38.213714,0
3262,0.25,1
3263,4.624787,2
3264,6651.125693,0
3265,15.750595,3
3266,4.765753,0
3267,0,1
3268,3.334126,3
3269,5.350718,0
3270,0.5,0
3271,0.25,1
3272,0.748802,1
3273,39.990022,2
3274,485.717079,0
3275,1265.135037,1
3276,2251.360425,1
3277,33.972107,0
3278,7.962627,0
3279,13.399388,0
3280,0,1
3281,6.74349,2
3282,4.516357,1
3283,66361.37354,1
3284,144.238755,2
3285,1,0
3286,1152227.773,1
3287,19166.94978,1
3288,40452.8375,0
3289,0,2
3290,157735.4835,1
3291,0.3125,1
3292,21.906918,1
3293,3442.754948,1
3294,16774.98558,1
3295,14.483887,1
3296,0,1
3297,0,1
3298,3.435036,1
3299,0.25,1
3300,92.624182,0
3301,4.127179,1
3302,0.75,0
3303,0.865104,1
3304,0.25,1
3305,0,3
3306,19.633991,0
3307,5418.413975,1
3308,11853.47933,0
3309,0,0
3310,0,0
3311,0,0
3312,33.855196,2
3313,21.296968,0
3314,23.833152,0
3315,9263.447924,2
3316,0,2
3317,36266.69065,1
3318,8738.3818,1
3319,36.449312,2
3320,19043.33426,1
3321,24.681634,1
3322,0.75,2
3323,119.928827,0
3324,0,0
3325,16.503066,1
3326,3.054688,0
3327,0,2
3328,0.5,1
3329,0,1
3330,1.578125,2
3331,0.25,0
3332,48.062199,0
3333,0.25,2
3334,6.718373,1
3335,0,0
3336,0.25,0
3337,11.014061,0
3338,37.613281,0
3339,0.796774,4
3340,0.25,0
3341,0,1
3342,18.713392,3
3343,0,1
3344,0,2
3345,5.176437,0
3346,0,0
3347,0,2
3348,889.910325,1
3349,19.285593,1
3350,41.639501,0
3351,695.477556,0
3352,1.25,0
3353,94.788059,0
3354,1616.515068,2
3355,0.75,2
3356,1497.227442,2
3357,3.077804,3
3358,0,0
3359,0.953125,0
3360,14.355822,1
3361,0.375,1
3362,0,1
3363,475.109417,0
3364,0,0
3365,0,0
3366,2212.952864,1
3367,0,0
3368,718.364211,0
3369,0.3125,2
3370,0.8125,0
3371,0,2
3372,3239.843761,0
3373,1.25,2
3374,30293.04277,2
3375,35.748233,0
3376,0.25,5
3377,0,0
3378,252.607048,1
3379,0,0
3380,3.09375,0
3381,0.65625,1
3382,4.43512,0
3383,0,1
3384,0.25,1
3385,24.001809,2
3386,0,0
3387,0,1
3388,0,2
3389,0.5,0
3390,0,3
3391,3.981445,2
3392,1.935872,2
3393,0.453125,0
3394,0,0
3395,12932.99936,2
3396,0,0
3397,39.644242,3
3398,11.52751,2
3399,0,4
3400,24.157353,0
3401,0,2
3402,0,2
3403,454.686367,0
3404,10.589271,1
3405,23.17798,1
3406,0.34375,1
3407,5.719186,0
3408,4.602066,1
3409,9.890843,2
3410,5.71875,0
3411,0.375,0
3412,0,2
3413,3.671875,0
3414,2435.269273,2
3415,4553.336193,1
3416,13.937254,1
3417,217011.0312,1
3418,32.819694,2
3419,0.25,2
3420,75908.752,1
3421,1583861.526,1
3422,9.150635,1
3423,24.875407,1
3424,0.5625,0
3425,205892.0733,1
3426,9.179734,0
3427,12.764814,0
3428,14.09019,7
3429,8.258714,1
3430,1.09375,2
3431,56788.47938,1
3432,2.0625,2
3433,1641.954132,1
3434,317.501397,0
3435,37.652881,0
3436,0,0
3437,97.332104,1
3438,5380.628507,2
3439,0.75,0
3440,3.279167,1
3441,0,0
3442,0.3125,0
3443,0.546875,2
3444,1.0625,10
3445,260.715231,0
3446,0,0
3447,0.5,0
3448,1.503906,0
3449,0.5,4
3450,1.390625,2
3451,0,1
3452,0,2
3453,4445.755994,0
3454,4.235445,1
3455,3.451229,2
3456,0.25,2
3457,3623.399023,1
3458,1,2
3459,421436.1819,1
3460,0,0
3461,0.25,0
3462,0,0
3463,0,0
3464,0,1
3465,0.25,2
3466,3.232292,1
3467,0,1
3468,0.25,2
3469,1.984375,0
3470,1245.599238,0
3471,5.343248,7
3472,2.160649,8
3473,3.168213,0
3474,4.000719,1
3475,0.25,0
3476,0,5
3477,0.25,0
3478,0,1
3479,2.981445,1
3480,13.241884,0
3481,0.5,0
3482,0,1
3483,18.762229,1
3484,0,2
3485,4160.016324,1
3486,3.785804,0
3487,0,2
3488,4.133348,5
3489,222.312079,0
3490,0,0
3491,0,0
3492,67.941726,1
3493,0,0
3494,8.554174,1
3495,0.779167,1
3496,0,0
3497,0.5625,0
3498,0,0
3499,534.16468,0
3500,14.293382,1
3501,0,1
3502,99.017969,1
3503,0,0
3504,12.414945,0
3505,0,0
3506,0,0
3507,2,1
3508,609.624371,2
3509,943.295944,1
3510,0,1
3511,9.848633,2
3512,0,2
3513,1.523438,2
3514,0,1
3515,63.778196,1
3516,31.563642,1
3517,12.068321,1
3518,0,2
3519,176849.4516,1
3520,0,2
3521,0,1
3522,0.25,0
3523,13.35819,0
3524,25.281179,1
3525,0,0
3526,89159.15639,0
3527,0,1
3528,0,2
3529,0,2
3530,4.453125,1
3531,19.144621,0
3532,0,0
3533,62.945317,0
3534,0,1
3535,0,2
3536,18.423207,2
3537,0,0
3538,3797.835731,2
3539,150.950005,0
3540,0,0
3541,0,2
3542,0,0
3543,58807.57605,1
3544,205.151979,1
3545,1.507568,2
3546,5.680828,0
3547,3.535156,0
3548,9909.532587,3
3549,0,0
3550,0,1
3551,11.768184,1
3552,0,1
3553,0,0
3554,0,2
3555,0,1
3556,7.579852,4
3557,454.431759,0
3558,6.683726,0
3559,7465.083173,2
3560,0.3125,2
3561,713.543103,2
3562,0.3125,2
3563,27101.62587,2
3564,0,0
3565,72294.28978,2
3566,0,1
3567,3456.39926,2
3568,0.25,1
3569,0.4375,0
3570,222.819405,3
3571,0,3
3572,3.372463,1
3573,11535.49834,0
3574,24422.10488,2
3575,1.029297,0
3576,0,2
3577,2277.616708,2
3578,0,0
3579,0,0
3580,0,4
3581,11.989822,1
3582,35.792862,2
3583,2781.096371,0
3584,0,0
3585,0,1
3586,104885.8919,2
3587,0,0
3588,0,0
3589,0.25,2
3590,17.650263,0
3591,0.8125,1
3592,0.999573,0
3593,0.625,2
3594,2.789076,0
3595,10.933231,1
3596,5.796094,2
3597,0,0
3598,2.930103,1
3599,428.638015,1
3600,20.585946,2
3601,0.703125,1
3602,0.25,2
3603,0,2
3604,0,2
3605,0,0
3606,0,0
3607,5.187287,2
3608,393432.3,1
3609,0.25,0
3610,128.764644,2
3611,4.275339,0
3612,0,1
3613,0.375,2
3614,0,0
3615,0,1
3616,0,2
3617,0.75,2
3618,4963.409859,2
3619,0.8125,1
3620,626.429504,0
3621,1.597656,0
3622,0,0
3623,0,0
3624,467.952014,0
3625,139.413172,0
3626,180.68618,1
3627,25.751342,0
3628,2387.503207,2
3629,0,2
3630,0,0
3631,0.75,0
3632,0,1
3633,0.25,1
3634,2.25,2
3635,988951.2765,1
3636,0,0
3637,0.25,1
3638,1.418492,3
3639,1.6875,1
3640,261155.0806,1
3641,0.5,1
3642,1.613281,0
3643,141.475525,1
3644,0,1
3645,0.25,2
3646,0.25,0
3647,13.194061,2
3648,19.622118,1
3649,5.22066,1
3650,0,2
3651,0.90625,0
3652,1.828125,0
3653,2444.994029,2
3654,0,0
3655,15.446332,1
3656,0,2
3657,0.5625,0
3658,0,0
3659,4.76416,2
3660,10.678698,0
3661,18.278273,1
3662,28169.31996,1
3663,1.25,0
3664,0.630859,2
3665,0,0
3666,7.90625,2
3667,0,1
3668,35.469454,1
3669,0.25,0
3670,0,0
3671,15402.409,1
3672,200493.2017,1
3673,11.029336,0
3674,88518.39325,1
3675,0,1
3676,0,0
3677,117.945176,0
3678,1016.333633,1
3679,2.203125,2
3680,86.178462,1
3681,2.390625,0
3682,0,0
3683,46403.18553,2
3684,0.25,3
3685,42.662673,1
3686,0,0
3687,89.535192,0
3688,0,1
3689,38.931872,0
3690,2033.948255,0
3691,0.25,1
3692,0,1
3693,1.28125,3
3694,0,0
3695,873.075436,0
3696,0,2
3697,0,2
3698,1.25,2
3699,21.999123,0
3700,5254.761503,1
3701,1.515625,2
3702,2.8125,2
3703,0.5,2
3704,0,1
3705,2.738281,1
3706,3797.313162,2
3707,5.405755,1
3708,1.375,2
3709,2541.926247,1
3710,0.25,2
3711,69.806475,0
3712,0.25,2
3713,105.775433,2
3714,0,4
3715,2.032877,1
3716,1625.060114,1
3717,0,1
3718,866.901738,0
3719,35.371618,1
3720,0,1
3721,0,2
3722,4.668391,0
3723,0,1
3724,3.289062,1
3725,0,1
3726,0,1
3727,0,2
3728,0.25,1
3729,0,1
3730,0.25,1
3731,0.6875,1
3732,27002.11679,1
3733,13.909653,0
3734,1.015625,2
3735,37036.92073,2
3736,0,1
3737,57.288663,0
3738,9.10012,2
3739,0,1
3740,0,0
3741,0,0
3742,1.764086,1
3743,0,1
3744,469.934105,2
3745,0.3125,1
3746,0.8125,2
3747,5.320312,0
3748,14.285032,0
3749,1.0625,0
3750,0.25,1
3751,11.015383,3
3752,0.25,0
3753,2.735596,1
3754,37636.24091,1
3755,949.838442,2
3756,7.247341,3
3757,10.42345,1
3758,106.920273,0
3759,49.695939,0
3760,0,3
3761,56.958189,0
3762,17278.00241,2
3763,0,2
3764,3855.896736,1
3765,3.304443,2
3766,1.271447,2
3767,1803.725238,0
3768,328.707049,2
3769,0,0
3770,7.223877,1
3771,13.855271,2
3772,77.939123,1
3773,19.761455,0
3774,4.265625,1
3775,1.0625,0
3776,15.644635,1
3777,0.866667,1
3778,506.440106,2
3779,21.55157,0
3780,0,1
3781,0,1
3782,116.788201,1
3783,17.364605,0
3784,1,1
3785,0.938025,0
3786,0,2
3787,115.859393,1
3788,7481.712651,2
3789,237.689843,11
3790,0,0
3791,0,2
3792,0.970203,3
3793,0.5,2
3794,38.686978,5
3795,0,2
3796,10.209074,1
3797,0.25,0
3798,1.546875,3
3799,0,1
3800,0,1
3801,0.5,12
3802,0,0
3803,0,0
3804,0,0
3805,1,2
3806,0.3125,2
3807,27264.86196,2
3808,0,0
3809,0,2
3810,0,0
3811,0,0
3812,0,1
3813,0,0
3814,0.25,1
3815,0,0
3816,0,0
3817,0,0
3818,0,0
3819,0,1
3820,1.108759,1
3821,0,1
3822,0,1
3823,0.5,0
3824,1.5625,2
3825,0,2
3826,4.088576,2
3827,2.503585,1
3828,16.197171,2
3829,1.453125,0
3830,0,0
3831,0,0
3832,0,1
3833,2.929608,2
3834,3.785156,1
3835,0,0
3836,5.051758,0
3837,1.0625,2
3838,0.75,1
3839,0,0
3840,0.5,2
3841,0,2
3842,0,0
3843,0.25,2
3844,24.853899,0
3845,16297.47368,1
3846,1.990794,2
3847,42908.30868,2
3848,1.170654,2
3849,0,0
3850,0,0
3851,50.395309,0
3852,91008.51529,2
3853,1.4375,0
3854,6.769382,2
3855,8.346295,2
3856,37.405201,1
3857,104201.2699,4
3858,0,7
3859,26.926675,1
3860,0.75,4
3861,1.53125,1
3862,463.196706,0
3863,15.525486,2
3864,2.368408,0
3865,2.898906,0
3866,16.499033,3
3867,98.940586,2
3868,19.19431,1
3869,565.205422,1
3870,1343.075872,0
3871,29.916954,7
3872,0,0
3873,1.253906,0
3874,1.522593,1
3875,2.03125,1
3876,1.170654,2
3877,0,0
3878,0,1
3879,35.555899,1
3880,0,1
3881,7.541992,0
3882,0.25,1
3883,0,2
3884,0,1
3885,0.3125,0
3886,815.18336,0
3887,1268.250706,1
3888,0,2
3889,64.309337,0
3890,0,2
3891,5.240747,2
3892,143.91063,2
3893,526.329751,0
3894,1.1875,0
3895,0.25,0
3896,645459.0825,1
3897,0,2
3898,0.875,0
3899,0,1
3900,0,0
3901,41.256607,1
3902,2.637695,2
3903,506.516573,1
3904,0.25,1
3905,0,0
3906,6.973877,1
3907,25376.82141,2
3908,0.25,0
3909,2.504272,2
3910,4513.102512,0
3911,0.25,2
3912,288.362245,0
3913,1,1
3914,0,1
3915,382875.9323,1
3916,4.009469,1
3917,4973.355315,0
3918,2,0
3919,0,0
3920,6.189811,0
3921,45.382032,0
3922,12340.22877,1
3923,0,2
3924,1.474398,0
3925,901.848826,3
3926,19.39148,0
3927,1.5,1
3928,7.823074,0
3929,30.84156,1
3930,24.149495,0
3931,0,0
3932,0,0
3933,0,4
3934,0.90332,0
3935,28.347757,0
3936,0,0
3937,2.863423,1
3938,1.0625,0
3939,101.760307,1
3940,0,0
3941,1.5,2
3942,0,2
3943,0,0
3944,1376082.913,1
3945,0,0
3946,9.787378,7
3947,6.587703,1
3948,0,1
3949,0.3125,0
3950,0.25,0
3951,0,1
3952,0,3
3953,656.998406,0
3954,2623.592782,0
3955,3,0
3956,0,1
3957,1.211914,1
3958,1.125,0
3959,149.75355,2
3960,2905.280113,1
3961,343766.5784,0
3962,0.3125,2
3963,2749.001861,1
3964,39.460521,1
3965,4.442016,0
3966,143.91063,2
3967,118.344317,0
3968,0,0
3969,0.3125,1
3970,248.57393,0
3971,4441.464802,0
3972,0.996094,0
3973,13.686815,0
3974,25.966472,1
3975,0.25,0
3976,1.511198,1
3977,0.8125,1
3978,19.945463,7
3979,93.784938,2
3980,28118.91735,1
3981,16201.6551,1
3982,160.083047,0
3983,0,0
3984,51.87854,0
3985,0.25,1
3986,0.25,11
3987,0,1
3988,5.634118,1
3989,0.25,1
3990,0,1
3991,1.448548,0
3992,13.132812,0
3993,0.878906,2
3994,5987.984504,2
3995,33.225075,1
3996,0,0
3997,14.246727,0
3998,7.131506,1
3999,55.261379,0
4000,223.507661,1
4001,3.022593,0
4002,0,6
4003,66.115781,3
4004,2208.92161,1
4005,3.5,0
4006,7.628166,0
4007,0,1
4008,0.5,1
4009,0,3
4010,45.409158,0
4011,0.855469,3
4012,0,2
4013,9.25647,0
4014,99.168213,1
4015,0.25,0
4016,0,0
4017,9893.224055,2
4018,0.625,7
4019,0,0
4020,0,0
4021,14.740575,2
4022,30.233486,2
4023,3.86377,0
4024,0,0
4025,4.25,1
4026,1.5,1
4027,476.020989,1
4028,2992.438769,1
4029,0,0
4030,36.248302,0
4031,519992.6009,1
4032,0,0
4033,3.841309,0
4034,59256.56026,1
4035,9.882719,3
4036,0,2
4037,213.233479,1
4038,0.5,1
4039,4.21875,2
4040,51964.90252,1
4041,1.665246,2
4042,84.676094,0
4043,22989.28228,0
4044,32997.75093,1
4045,285.670688,1
4046,23126.91156,1
4047,2.414095,0
4048,949.587919,0
4049,0,2
4050,0,1
4051,0,1
4052,14.672385,0
4053,3.378668,1
4054,19013.53256,2
4055,381.658092,1
4056,0.953125,0
4057,209.305361,2
4058,0,2
4059,19.419104,2
4060,8.763916,2
4061,277.699788,1
4062,0.25,2
4063,4.843843,2
4064,0,2
4065,5.016491,1
4066,5.679688,0
4067,72.204049,1
4068,0,0
4069,29.634961,0
4070,8.057267,0
4071,0,0
4072,0.5,0
4073,0,2
4074,149415.4614,1
4075,26.299596,1
4076,361.675214,1
4077,200.222038,0
4078,27572.2335,0
4079,0.890625,1
4080,0,2
4081,0,0
4082,17.104354,2
4083,10.487672,1
4084,2578.62852,2
4085,16969.07262,2
4086,1.078125,1
4087,0,5
4088,12.605787,0
4089,0,2
4090,0,0
4091,0,0
4092,0,0
4093,0.328125,2
4094,27.722465,2
4095,19.85767,0
4096,0.75,0
4097,4.111583,1
4098,261824.6891,1
4099,0,1
4100,42105.00461,1
4101,62.184111,0
4102,0,1
4103,109059.6554,2
4104,0,1
4105,142.426636,0
4106,2.530541,1
4107,7639.822266,2
4108,0,0
4109,2.831668,0
4110,3007.916721,0
4111,0.3125,2
4112,1,0
4113,0.25,2
4114,4.550781,0
4115,161.069501,0
4116,40170.261,1
4117,3286.762411,0
4118,1.585938,2
4119,3.730469,0
4120,55494.64574,1
4121,0,2
4122,2.956055,0
4123,0.390625,2
4124,0,2
4125,10543.96862,0
4126,0,1
4127,0,2
4128,42.866362,1
4129,1372.380291,0
4130,0,1
4131,10199.62743,1
4132,0,2
4133,0,2
4134,0,0
4135,2.677523,1
4136,5.725807,0
4137,0,2
4138,0,1
4139,0,1
4140,0,0
4141,0,2
4142,10.717906,0
4143,0,0
4144,6.656304,0
4145,14.746597,2
4146,1340.218311,2
4147,7.965092,2
4148,0,1
4149,0,0
4150,105.973142,0
4151,0.25,1
4152,4.616727,3
4153,0.3125,0
4154,0,1
4155,62.487351,1
4156,0,0
4157,0,0
4158,51731.4052,1
4159,3.575085,1
4160,0,0
4161,11.586803,1
4162,0,0
4163,0.375,1
4164,0.5,0
4165,0,0
4166,0.3125,2
4167,0,0
4168,0,1
4169,3.798515,2
4170,0,1
4171,2.625,0
4172,1.3125,0
4173,7.582031,1
4174,13044.23407,1
4175,3.787109,0
4176,3.879916,0
4177,0.25,0
4178,0,0
4179,111708.6949,1
4180,37395.90108,2
4181,0.375,0
4182,5.291094,0
4183,0.25,1
4184,37.434586,2
4185,0,10
4186,38.14951,7
4187,4.408007,0
4188,4418.350731,2
4189,109.890258,2
4190,0.25,1
4191,3.871742,2
4192,0,0
4193,0,2
4194,0.694336,1
4195,7.238281,0
4196,54336.05509,1
4197,6.189811,0
4198,1.660667,2
4199,0,2
4200,0,1
4201,0,2
4202,84700.9175,2
4203,0,0
4204,0,4
4205,33.525324,0
4206,444.998628,2
4207,21.962687,0
4208,0,0
4209,1.015625,0
4210,11.954695,2
4211,15495.80313,2
4212,0.640625,1
4213,13618.8389,0
4214,0,2
4215,4628.072189,0
4216,16.51931,0
4217,0,1
4218,3401.578508,2
4219,0,2
4220,60.581042,2
4221,5.598254,2
4222,18.35935,0
4223,453.929405,0
4224,0,0
4225,0,0
4226,15.986329,0
4227,0.863281,0
4228,200.183902,0
4229,0.5,1
4230,0.25,1
4231,0,0
4232,3.030029,3
4233,25482.42284,1
4234,22.412178,1
4235,1.582031,2
4236,290.566085,1
4237,0,0
4238,9.297126,0
4239,0.59375,0
4240,0.894531,2
4241,18.854792,1
4242,0,0
4243,843.085388,2
4244,38.405726,0
4245,0,2
4246,77818.37728,2
4247,0,2
4248,2.015625,0
4249,6.268927,1
4250,13.428705,1
4251,51.596546,0
4252,1.0625,2
4253,34.597806,0
4254,27.20792,0
4255,23.992408,1
4256,7972.24929,3
4257,22.559234,1
4258,0,2
4259,4.183949,2
4260,2.977356,1
4261,8.913311,1
4262,0.375,2
4263,0.25,0
4264,2.144531,2
4265,0.25,1
4266,174751.9655,2
4267,0,2
4268,0,2
4269,22.642824,1
4270,236386.9583,1
4271,11.96732,1
4272,33.136711,2
4273,3.421875,1
4274,0,1
4275,0,0
4276,92.566785,0
4277,362604.4839,1
4278,63.942089,0
4279,0,1
4280,0.25,2
4281,145815.568,2
4282,4.724346,0
4283,0.25,0
4284,1.6875,2
4285,10.41507,2
4286,10.907299,2
4287,0.375,2
4288,16.235522,0
4289,0,0
4290,214069.3694,1
4291,0,0
4292,7.027689,1
4293,0,0
4294,0,0
4295,0,1
4296,0,1
4297,72.260535,1
4298,17.816365,1
4299,0,1
4300,0.3125,2
4301,0,2
4302,0,2
4303,45.815654,0
4304,0,1
4305,1.468555,2
4306,0,1
4307,23.967614,0
4308,2774.44033,2
4309,0.25,1
4310,2.265625,2
4311,4.187649,3
4312,1085.69583,1
4313,1.785156,1
4314,54000.45855,1
4315,0.375,7
4316,241660.6775,1
4317,224.327642,0
4318,1903.102523,1
4319,2.756953,1
4320,1067.870094,2
4321,5.515625,0
4322,0,2
4323,0.985245,2
4324,123216.6304,1
4325,2.71867,0
4326,29.78626,1
4327,122.682681,2
4328,2.001453,3
4329,15.385283,2
4330,0,0
4331,65.208421,0
4332,0.25,1
4333,1218.43347,0
4334,0,0
4335,116.95668,2
4336,104.611379,0
4337,6119.698127,0
4338,19.880959,1
4339,1.0625,0
4340,2.262695,0
4341,12.658391,5
4342,0.25,1
4343,10.899993,0
4344,5541.064787,2
4345,3.376993,3
4346,9.812919,1
4347,0.703125,1
4348,0,1
4349,0.25,1
4350,19.057821,0
4351,5712.144195,1
4352,0.25,0
4353,106673.7989,1
4354,0,2
4355,1241.090371,2
4356,124.486849,1
4357,0,0
4358,3.032992,1
4359,5.830155,2
4360,51.059534,2
4361,5.671875,1
4362,2.762207,0
4363,0,0
4364,85.802433,2
4365,0.5625,1
4366,0,1
4367,0,0
4368,0,1
4369,1.922006,0
4370,210240.2604,1
4371,12.024355,0
4372,6.044495,1
4373,34.467919,1
4374,0,0
4375,1.250525,0
4376,41123.21762,5
4377,0,0
4378,4.166013,2
4379,0,0
4380,16.679408,2
4381,10612.18549,1
4382,0,0
4383,4411.861602,1
4384,3.783203,0
4385,0,1
4386,1025.169823,0
4387,91.215004,2
4388,1218191.72,2
4389,1.391602,0
4390,39.273653,1
4391,19.713675,1
4392,41.357086,1
4393,0,1
4394,100006.2985,1
4395,0,2
4396,0.25,0
4397,1809.4248,1
4398,84.624579,0
4399,121045.1471,1
4400,595.271225,1
4401,0.75,0
4402,1.0625,1
4403,0.5,1
4404,233.105345,1
4405,0,2
4406,0,0
4407,0,1
4408,0,2
4409,37805.7579,1
4410,0.5,1
4411,14.54021,0
4412,0,1
4413,0.25,2
4414,3703.038806,2
4415,2.203125,1
4416,13.537052,1
4417,0,11
4418,1.84375,1
4419,0,0
4420,0,2
4421,0,1
4422,22.945978,0
4423,30.02851,2
4424,277.256026,0
4425,1146.598573,2
4426,1.046875,2
4427,3.276733,1
4428,13.63225,0
4429,0,1
4430,245.097301,0
4431,0,1
4432,0.9375,0
4433,0,1
4434,0,2
4435,0,1
4436,0.5,0
4437,8374.19093,1
4438,14.272197,1
4439,6.638958,1
4440,0,1
4441,12.317896,1
4442,0.523438,2
4443,0.25,1
4444,0.25,1
4445,0,1
4446,1.805062,1
4447,2.5625,0
4448,0,2
4449,2.140625,0
4450,0,1
4451,177274.8705,1
4452,237027.3782,1
4453,0.25,0
4454,86100.16567,1
4455,7.065674,1
4456,0,1
4457,32.782252,0
4458,16128.49094,1
4459,2.408447,1
4460,0,0
4461,0.5625,5
4462,0.9375,1
4463,0,1
4464,1061.452622,1
4465,42.894175,1
4466,274.258761,1
4467,2.973633,0
4468,20084.86564,1
4469,656822.7399,1
4470,4.634846,0
4471,26.054672,1
4472,4.909892,0
4473,134648.3473,1
4474,0,1
4475,0,1
4476,307.136319,1
4477,16.916877,2
4478,35.34566,1
4479,0,0
4480,210655.5449,1
4481,136701.0264,3
4482,17329.86296,1
4483,163.539091,1
4484,126560.989,1
4485,2.125,2
4486,383.256804,1
4487,5.79649,0
4488,3.019058,1
4489,3.183941,2
4490,0,7
4491,1479.63649,0
4492,0,11
4493,0.25,0
4494,7908.473009,3
4495,252056.7536,1
4496,0.466667,1
4497,35.990124,1
4498,6.244089,0
4499,4399.409014,1
4500,58.256519,1
4501,0,1
4502,0,4
4503,193.438529,1
4504,0,1
4505,322060.9323,1
4506,272.724013,1
4507,0,0
4508,0.25,2
4509,574.643282,2
4510,5.344576,2
4511,1.453125,0
4512,0,2
4513,323.709155,1
4514,77.770943,1
4515,2.771524,3
4516,0,2
4517,816727.9033,1
4518,4.369132,4
4519,0,2
4520,259436.799,1
4521,2493.955267,2
4522,0,2
4523,0,2
4524,28245.48169,2
4525,27.564823,0
4526,0.25,1
4527,741364.6956,1
4528,0,0
4529,8.851357,0
4530,1.332031,7
4531,0,1
4532,0.5,1
4533,1.355502,0
4534,0.8125,2
4535,3.83171,3
4536,0,0
4537,0,2
4538,27199.67802,1
4539,1382.622245,1
4540,0,1
4541,0,0
4542,0,2
4543,6.741067,2
4544,18262.92722,3
4545,7480.707981,3
4546,16544.75486,3
4547,0.3125,1
4548,6.085616,1
4549,0.806641,2
4550,14.91794,7
4551,76173.00181,1
4552,0,0
4553,7258.748099,1
4554,0,2
4555,1872.754986,2
4556,263.415094,1
4557,2.078125,1
4558,45.11004,11
4559,0,1
4560,29.245867,0
4561,7.706169,1
4562,91.368372,1
4563,0.765625,0
4564,0.25,2
4565,1.125,2
4566,10.043936,1
4567,2.989258,0
4568,0,1
4569,0,9
4570,0,4
4571,1.066406,2
4572,42.793748,0
4573,20.446684,1
4574,239.700719,1
4575,4317.526027,1
4576,0,1
4577,11.155323,0
4578,278.928423,0
4579,1.381204,1
4580,0.375,1
4581,0,2
4582,786.351425,3
4583,1.382507,3
4584,0,2
4585,0.5,0
4586,0,2
4587,7512.548657,1
4588,6.042818,1
4589,0,1
4590,0,2
4591,11.456849,0
4592,0,0
4593,1383.090356,1
4594,0,0
4595,11.977469,1
4596,1.5,1
4597,1564.23278,1
4598,75.678036,0
4599,654.938553,0
4600,61.538662,1
4601,0,0
4602,9.150019,1
4603,180.263186,1
4604,1125.040962,1
4605,0,0
4606,7.125924,3
4607,0,1
4608,0,0
4609,758.917756,2
4610,0,1
4611,7.56697,0
4612,53763.31903,0
4613,1,0
4614,1.83768,0
4615,0,0
4616,27385.26686,0
4617,39.898436,0
4618,0.3125,0
4619,0,5
4620,0,0
4621,0,1
4622,0,1
4623,0.5625,2
4624,30.909801,1
4625,37.344942,1
4626,0,0
4627,0,2
4628,57.198616,1
4629,109.402283,0
4630,24.885009,0
4631,0.4375,2
4632,1727.634684,0
4633,0.25,0
4634,0,1
4635,0,0
4636,0,2
4637,3367.213337,2
4638,16.604579,1
4639,159.488959,1
4640,1.366667,1
4641,0.861877,2
4642,35.499269,0
4643,0,0
4644,2194.547771,1
4645,0.5625,2
4646,0,1
4647,0.5,2
4648,1.203125,2
4649,0,6
4650,14764.97791,1
4651,0,1
4652,2.224885,7
4653,0.5,0
4654,26.021733,1
4655,2.780762,2
4656,1855439.5,1
4657,191.218969,0
4658,743.413268,2
4659,427.191424,1
4660,0.25,2
4661,61.747095,0
4662,742.909362,1
4663,788.924966,0
4664,2.458008,0
4665,0,1
4666,0,0
4667,1.717518,1
4668,96607.68086,1
4669,1.181966,0
4670,0,2
4671,0.25,2
4672,9.957031,0
4673,0,1
4674,8.285028,0
4675,20.372993,7
4676,2303.38563,0
4677,0,2
4678,1.101562,1
4679,0,0
4680,7.176946,0
4681,71.396174,0
4682,0.5,0
4683,0.5,1
4684,0.25,0
4685,0,0
4686,0.25,0
4687,3.701204,1
4688,18.613617,1
4689,109.612487,0
4690,204.612421,1
4691,0.25,0
4692,0,2
4693,5.747895,3
4694,0.5,2
4695,10.319125,0
4696,1.80957,0
4697,2.600296,0
4698,5105.292205,1
4699,0.5,0
4700,0,0
4701,0,0
4702,6.22025,1
4703,9804.791877,1
4704,0,0
4705,1031.307883,0
4706,0,2
4707,11.308844,0
4708,1.25,2
4709,11.957602,0
4710,3.897593,0
4711,5.090373,0
4712,0,1
4713,0,1
4714,0,1
4715,0.25,1
4716,0,2
4717,1.25,2
4718,0.25,2
4719,0,0
4720,0,1
4721,0,1
4722,0,1
4723,3.4375,0
4724,0.25,1
4725,1.46875,1
4726,28.231716,0
4727,51.34589,1
4728,2294.852768,2
4729,39.785448,2
4730,0,0
4731,0.25,0
4732,0.40625,0
4733,0.375,3
4734,2.546875,1
4735,0,7
4736,0,0
4737,5685.741394,0
4738,421.452104,1
4739,0,1
4740,0,1
4741,0,2
4742,0.25,2
4743,0,2
4744,357.710292,2
4745,1,1
4746,558.279226,0
4747,47.273283,1
4748,1.5,0
4749,0,0
4750,0,1
4751,11.656114,1
4752,4.854157,2
4753,26.693803,2
4754,0.25,2
4755,0,2
4756,0,7
4757,0,0
4758,32221.78871,0
4759,15.343148,2
4760,0.5,2
4761,0,0
4762,4383.673489,2
4763,0,7
4764,79.823481,0
4765,8247.619446,2
4766,0,1
4767,0,2
4768,0,0
4769,0.625,1
4770,1.25,1
4771,5.293472,1
4772,0,0
4773,0,1
4774,5.170687,0
4775,0,3
4776,0,1
4777,24.45084,1
4778,0,0
4779,0.25,0
4780,0,0
4781,31.373172,1
4782,0.25,0
4783,278.966712,0
4784,2.402344,1
4785,50.365362,2
4786,32.963381,2
4787,0.625,1
4788,0,2
4789,0,0
4790,0,2
4791,0.5,1
4792,139500.6921,1
4793,0,4
4794,27.276237,0
4795,0,2
4796,7954.304963,1
4797,0.25,0
4798,0,1
4799,0.25,1
4800,2.610481,0
4801,4.162729,0
4802,193.06442,0
4803,9.897469,1
4804,8.542543,0
4805,8.462589,2
4806,0,1
4807,0.3125,0
4808,2863.752032,1
4809,0.3125,2
4810,72.937042,1
4811,24835.28356,3
4812,3.037109,0
4813,49370.6678,1
4814,493768.1242,1
4815,154159.6984,0
4816,1200.416432,1
4817,4915.469792,1
4818,3824.370076,1
4819,2.201651,2
4820,58.824084,1
4821,0,0
4822,74486.38491,1
4823,1,0
4824,0,0
4825,132.262387,0
4826,0,0
4827,42.902649,0
4828,0,1
4829,0.3125,0
4830,0,1
4831,0,0
4832,0.628906,2
4833,63.724961,3
4834,0,7
4835,4.865425,4
4836,1229.631933,1
4837,0,0
4838,54.777767,3
4839,0.25,2
4840,1.3125,0
4841,1216030.224,1
4842,627548.048,1
4843,39.045422,0
4844,3481.629676,0
4845,0.5,4
4846,6375.268349,1
4847,1,3
4848,160.611639,0
4849,14.25018,1
4850,7.919165,0
4851,8.825603,2
4852,12608.89477,1
4853,0,1
4854,0,7
4855,0,2
4856,0.5625,1
4857,17.361491,0
4858,0,4
4859,0,1
4860,0,0
4861,0,0
4862,0,2
4863,0,0
4864,19.09288,0
4865,41.644369,0
4866,0.625,2
4867,1.44751,1
4868,1.446289,2
4869,19.84488,0
4870,0.34375,0
4871,25.503694,0
4872,10.711525,2
4873,1.8125,0
4874,0,0
4875,3.807617,2
4876,1.549015,1
4877,1111.687362,0
4878,262.953112,3
4879,0,0
4880,74.689538,0
4881,225.304204,0
4882,27.506592,0
4883,0,1
4884,3.727865,1
4885,31.970363,0
4886,365.911333,1
4887,0,0
4888,0.375,1
4889,48.427882,0
4890,0.375,1
4891,2659.127942,1
4892,1.773438,0
4893,0,1
4894,1.474398,0
4895,3.21875,0
4896,0,3
4897,13735.27232,1
4898,46.731711,0
4899,0,0
4900,0.5625,2
4901,0,0
4902,84.319503,2
4903,0.25,1
4904,4.027344,0
4905,35.440892,0
4906,0.3125,0
4907,0,0
4908,0.75,0
4909,0,2
4910,3.59375,1
4911,370.14755,3
4912,0,2
4913,6717.915036,0
4914,0.75,0
4915,0.25,2
4916,1607.365526,1
4917,16049.63687,0
4918,0,0
4919,0.25,2
4920,6.765368,7
4921,1.707031,0
4922,4.25,2
4923,9299.595961,0
4924,9.092905,1
4925,18.175728,0
4926,0,1
4927,0,0
4928,14.881719,0
4929,159.048854,0
4930,0,1
4931,0,0
4932,0.25,1
4933,26.693803,2
4934,2.328125,0
4935,7.615881,0
4936,13.046007,0
4937,4995.205366,0
4938,218.530337,0
4939,0,2
4940,20.227193,0
4941,13572.21966,1
4942,78092.93557,1
4943,8.151184,2
4944,24.142557,1
4945,0.5625,1
4946,0.5625,2
4947,4.171875,0
4948,298250.6803,2
4949,0,0
4950,0,0
4951,0.75,0
4952,42.94421,0
4953,19.9717,2
4954,0,0
4955,790.395831,1
4956,0,1
4957,1892.721444,1
4958,17.224665,0
4959,0.25,0
4960,262683.6629,1
4961,0,2
4962,0.3125,2
4963,0,0
4964,13.572403,1
4965,14.025827,2
4966,0,2
4967,17418.61453,1
4968,0.5,2
4969,8.280557,0
4970,0,1
4971,0.5,0
4972,15.768064,0
4973,5.292969,1
4974,0.75,1
4975,0,1
4976,1024.287615,1
4977,98.557403,0
4978,0,2
4979,1.092773,2
4980,0,0
4981,32856.95146,1
4982,0,1
4983,0,1
4984,12.923889,1
4985,0,2
4986,0.5,1
4987,0.25,1
4988,0,1
4989,3.660289,1
4990,0,1
4991,68.110729,1
4992,30.034858,1
4993,145.696017,0
4994,0,2
4995,7.036683,5
4996,3506.939105,1
4997,73.107149,0
4998,393.230388,0
4999,0.25,0
5000,0,2
5001,0.25,0
5002,0,1
5003,0,0
5004,0,3
5005,12.455147,0
5006,0,0
5007,7.096536,1
5008,0,1
5009,3.227402,3
5010,1.015625,1
5011,62596.8239,1
5012,0,1
5013,0,3
5014,4.138,0
5015,8.322826,1
5016,150023.7867,1
5017,6271.964251,2
5018,1.1875,0
5019,251678.1183,1
5020,0.25,7
5021,17.41621,0
5022,0,0
5023,2.450195,0
5024,340.211845,1
5025,58.68039,1
5026,0.25,2
5027,4.405273,2
5028,1.171875,1
5029,21555.26333,1
5030,31.768691,2
5031,0,2
5032,0.25,1
5033,1.270417,0
5034,9.136335,1
5035,0,0
5036,5.695877,0
5037,0,4
5038,0,2
5039,0.75,2
5040,832.846555,1
5041,2.078125,0
5042,0.8125,0
5043,0,1
5044,2.272705,0
5045,0.25,0
5046,0.25,1
5047,183069.2799,1
5048,13.295761,1
5049,0,0
5050,13.807687,0
5051,2.118351,2
5052,81.306357,0
5053,0,0
5054,0,1
5055,0,0
5056,5.574242,0
5057,2.515625,1
5058,0,0
5059,260.919471,0
5060,3.023438,2
5061,6.648438,2
5062,0,0
5063,1.267395,2
5064,185613.736,2
5065,0,1
5066,0,1
5067,6.518766,0
5068,0.25,3
5069,0.34375,0
5070,34.352911,2
5071,0,0
5072,0,1
5073,0,2
5074,0.625,0
5075,29905.0263,1
5076,0.3125,2
5077,0,2
5078,0.75,3
5079,13.255077,0
5080,0,0
5081,0,0
5082,0,0
5083,4171.502061,1
5084,73095.77609,1
5085,5.838488,2
5086,6.741741,0
5087,3.675651,2
5088,10.867474,1
5089,1.417098,0
5090,0,2
5091,0,2
5092,0,1
5093,0,1
5094,0.25,1
5095,0.777344,2
5096,0,1
5097,21.853263,0
5098,1.3125,2
5099,25.829735,0
5100,39.316879,2
5101,1.6875,0
5102,34870.98553,2
5103,0,0
5104,0,2
5105,0,1
5106,9968.619872,2
5107,2.432434,0
5108,9.361367,0
5109,0,1
5110,972376.5816,1
5111,75.228067,2
5112,1664836.699,1
5113,541.504082,0
5114,0.3125,1
5115,1.5,2
5116,2.299866,1
5117,7.872164,1
5118,0.75,2
5119,0.75,2
5120,76798.47801,1
5121,202.310606,1
5122,0,2
5123,0,2
5124,0,0
5125,0,2
5126,0,2
5127,0,0
5128,0,2
5129,0.25,0
5130,0.25,2
5131,0,0
5132,0,3
5133,0.800781,2
5134,61262.53814,1
5135,27.480215,0
5136,0,0
5137,0.25,1
5138,1.089844,1
5139,0,0
5140,7791.075164,2
5141,2046.111685,1
5142,0,1
5143,6.361065,0
5144,0.25,0
5145,0.5,0
5146,8367.673854,0
5147,1.523438,1
5148,0,0
5149,0,0
5150,0.3125,1
5151,0.375,0
5152,0.5,0
5153,0,0
5154,0,0
5155,0,1
5156,0,0
5157,0,1
5158,0.75,2
5159,0,0
5160,0,2
5161,0.25,2
5162,0,0
5163,0,0
5164,0,1
5165,0,0
5166,0,0
5167,0,2
5168,0,0
5169,0,0
5170,0,0
5171,0,1
5172,0,7
5173,0,0
5174,0,0
5175,1246.515813,1
5176,535163.1222,1
5177,0.5,1
5178,0,0
5179,0,2
5180,0,0
5181,0,2
5182,0,0
5183,0.3125,2
5184,0.3125,2
5185,0,0
5186,0,0
5187,0.875,2
5188,0.25,1
5189,0.25,2
5190,0.5,1
5191,0,2
5192,0,0
5193,0.25,0
5194,0,2
5195,0,1
5196,0,0
5197,0,1
5198,233.082787,0
5199,0,0
5200,0.25,1
5201,2.125,2
5202,0,0
5203,0,2
5204,0,1
5205,0,0
5206,0.25,7
5207,0,2
5208,0,0
5209,0,0
5210,0,0
5211,0,1
5212,4.139537,0
5213,0,1
5214,0,1
5215,175.096684,2
5216,0,2
5217,0,3
5218,67.11375,3
5219,0.5625,2
5220,0.25,0
5221,0,0
5222,0,1
5223,0,1
5224,0.25,0
5225,0,0
5226,0,0
5227,0,1
5228,0.25,2
5229,0.25,0
5230,0.25,0
5231,0.71875,5
5232,1.125,1
5233,0,0
5234,0,1
5235,0,0
5236,0,4
5237,0,1
5238,0,0
5239,0,3
5240,0,3
5241,0,2
5242,0,0
5243,0.25,0
5244,1.032715,0
5245,28.222465,2
5246,0,13
5247,0.523438,2
5248,0,2
5249,0,1
5250,0.25,2
5251,0,1
5252,0,0
5253,0,1
5254,0.5625,14
5255,0,0
5256,0,1
5257,0,2
5258,0,2
5259,0,0
5260,0.25,1
5261,0.3125,1
5262,19.334813,0
5263,0,1
5264,0,0
5265,0,1
5266,0,0
5267,0.5625,2
5268,0.25,2
5269,0,1
5270,0,0
5271,0.328125,2
5272,0,1
5273,0,2
5274,2.226562,2
5275,0,1
5276,0.25,3
5277,0,0
5278,0.25,0
5279,4.785156,2
5280,1.046639,0
5281,0.630859,2
5282,0,0
5283,349.641211,2
5284,0,0
5285,0,2
5286,0,1
5287,0,2
5288,0,1
5289,0,1
5290,0,0
5291,0,1
5292,0.25,0
5293,0,0
5294,0,0
5295,0,0
5296,0.25,7
5297,0,3
5298,0,0
5299,0,3
5300,0,0
5301,0,1
5302,0,0
5303,0.25,2
5304,0,1
5305,0,1
5306,0,0
5307,0,1
5308,0.25,2
5309,0,0
5310,0,1
5311,0,2
5312,0,12
5313,0,2
5314,0,2
5315,0,1
5316,0,2
5317,0,7
5318,0.5,0
5319,0,0
5320,0,0
5321,0,0
5322,0,1
5323,0,2
5324,0,0
5325,0,0
5326,0,2
5327,0,0
5328,0.25,2
5329,0,2
5330,0,1
5331,0,0
5332,0.25,14
5333,0,0
5334,0,1
5335,0,2
5336,0.25,2
5337,0,2
5338,0,2
5339,13.687434,0
5340,0,0
5341,0,1
5342,0,2
5343,0,0
5344,0,7
5345,0.25,2
5346,0,1
5347,0.5,2
5348,0,1
5349,0,0
5350,0,0
5351,0.25,2
5352,0,0
5353,0,2
5354,0,1
5355,0,1
5356,0.25,2
5357,0,2
5358,0,2
5359,0.5,1
5360,0,0
5361,0,1
5362,0,2
5363,0.25,2
5364,0,0
5365,0,1
5366,0,0
5367,0,1
5368,0.25,2
5369,0,1
5370,0,1
5371,0,2
5372,0,1
5373,0,2
5374,0.25,2
5375,0,1
5376,0,2
5377,0,0
5378,0,2
5379,0,0
5380,0,2
5381,0,2
5382,0,1
5383,0.75,2
5384,0,1
5385,0,0
5386,0,0
5387,0,1
5388,0,1
5389,0.75,1
5390,0,2
5391,0,2
5392,0,2
5393,0.25,1
5394,0,1
5395,0,0
5396,0.5,1
5397,0,2
5398,0,2
5399,0,2
5400,0.25,2
5401,0,1
5402,0.5,2
5403,0,1
5404,0,0
5405,0,1
5406,0,1
5407,0,1
5408,0,1
5409,0.25,13
5410,0,2
5411,0,2
5412,0,1
5413,0,0
5414,0,1
5415,0,0
5416,0,1
5417,0.25,2
5418,0,2
5419,0.25,2
5420,0,1
5421,0,1
5422,0,1
5423,0,1
5424,0,0
5425,0,0
5426,0,2
5427,0,1
5428,0,2
5429,0.25,0
5430,0,2
5431,0,1
5432,0,1
5433,31.098307,0
5434,0,5
5435,0,2
5436,0,0
5437,0,1
5438,0,0
5439,0.5,0
5440,0,0
5441,0,0
5442,0.25,1
5443,0,1
5444,0,2
5445,0,1
5446,0.25,2
5447,0,0
5448,0,1
5449,0,1
5450,0,2
5451,0,0
5452,0,1
5453,0,1
5454,0.25,2
5455,0,0
5456,0,0
5457,90087.57194,1
5458,0,14
5459,0.5,2
5460,0,1
5461,0,2
5462,0.25,1
5463,0,0
5464,0,0
5465,0,2
5466,0,2
5467,0,2
5468,0,1
5469,0,2
5470,0,1
5471,0,0
5472,0,0
5473,0,2
5474,0,0
5475,0,1
5476,0,2
5477,0,1
5478,0,14
5479,0,0
5480,1.468555,2
5481,0,1
5482,0,0
5483,0,2
5484,0,1
5485,0,1
5486,0,0
5487,0,1
5488,0,1
5489,0,0
5490,0,1
5491,0,1
5492,0,2
5493,0,0
5494,0,0
5495,0,3
5496,0,1
5497,0.25,15
5498,0,1
5499,0,1
5500,0,1
5501,0,2
5502,0,2
5503,0,0
5504,0,0
5505,0,0
5506,0,1
5507,0,1
5508,0,1
5509,0,2
5510,0,0
5511,0,0
5512,0.25,2
5513,0,0
5514,0,2
5515,0,1
5516,0,2
5517,0,1
5518,0,1
5519,0,2
5520,0,2
5521,0,1
5522,0,2
5523,0,1
5524,0,7
5525,0,1
5526,0,2
5527,0,1
5528,0,15
5529,0,1
5530,0,2
5531,0,2
5532,0,1
5533,0,0
5534,0,1
5535,0,0
5536,0,1
5537,0,1
5538,0,1
5539,0,1
5540,0,1
5541,0,2
5542,0,0
5543,0,0
5544,0,2
5545,0,2
5546,0,1
5547,0,1
5548,0,1
5549,0,2
5550,0,1
5551,0,2
5552,0,0
5553,0,1
5554,0,1
5555,0,2
5556,0,0
5557,0,2
5558,0,2
5559,0,2
5560,0.25,1
5561,0,2
5562,0,1
5563,0,2
5564,0,1
5565,0,2
5566,0,0
5567,0,2
5568,0,2
5569,0,0
5570,0,2
5571,0,0
5572,0,1
5573,0,1
5574,0,1
5575,0,1
5576,0,1
5577,0,0
5578,0,0
5579,0,0
5580,0,0
5581,0,2
5582,0,1
5583,0,3
5584,0,2
5585,0,1
5586,0.7521,0
5587,0,2
5588,0,1
5589,0,1
5590,0,2
5591,0,2
5592,0,1
5593,0,1
5594,0,1
5595,0,2
5596,0,1
5597,0,0
5598,0,2
5599,0,0
5600,0,1
5601,0,0
5602,0,2
